lat,lon,hardness,station
-23.24847,30.2728,492.680356,2330AB00172
-23.24136,30.3683,244.036294,2330AB00238
-23.21961,30.46402,354.57013099999995,2330AB00290
-23.16872,30.39672,331.7866879999999,2330AB00324
-23.19894,30.31852,425.043151,2330AB00354
-23.26322,30.34945,327.802028,2330AD00306
-23.63277,30.23666,36.484446999999996,2330CA00011
-23.63622,30.23741,91.042681,2330CA00075
-23.6811,30.88162,306.912605,2330DB00045
-23.669320000000006,30.99061,313.7711730000001,2330DB00050
-24.2904,29.46026,469.741029,2429AD00382
-24.39991,29.37638,356.509975,2429AD00500
-24.46322,29.448,259.202115,2429AD00572
-24.58708,29.41344,460.84350599999993,2429CB00259
-24.95668,29.41198,166.05598399999997,2429CD00225
-24.98785,29.39494,334.984312,2429CD00226
-24.97847,29.55622,63.553031999999995,2429DA00202
-24.70781,29.591890000000006,216.794525,2429DA00277
-24.72139,29.73816,341.1356140000001,2429DA00316
-24.59122,29.72081,184.194224,2429DA00345
-24.79712,29.53565,237.270641,2429DC00057
-24.86724,29.72763,101.495127,2429DC00063
-24.95897,29.55608,70.562234,2429DC00069
-24.86692,29.72642,145.855504,2429DC00092
-24.95985,29.62205,12.114583999999999,2429DC00112
-24.7587,29.70697,39.188049,2429DC00139
-24.89227,29.66977,115.52878999999999,2429DC00154
-24.82306,29.68125,29.859013,2429DC00230
-24.77689,29.69197,102.40357,2429DC00231
-24.92065,29.62015,40.590473,2429DC00232
-24.87918,29.62643,23.140539,2429DC00233
-24.93934,29.61341,66.09325,2429DC00234
-24.88728,29.66973,124.958234,2429DC00235
-24.866670000000006,29.73183,155.14492099999998,2429DC00236
-24.99426,29.60412,58.481688,2429DC00237
-24.84456,29.78836,19.11533,2429DD00175
-24.99583,29.83418,151.37838699999998,2429DD00534
-24.95025,29.7773,28.97422399999999,2429DD00537
-24.99774,29.76766,24.229315,2429DD00566
-24.951,29.81302,46.542879,2429DD00583
-24.90695,29.77416,53.026501,2429DD00644
-24.97812,29.79397,77.788608,2429DD00723
-24.77538,29.84717,193.539728,2429DD00760
-24.92816,29.75608,16.533462999999998,2429DD00767
-24.50936,30.17469,354.73346200000003,2430CA00274
-25.4444,25.8621,285.98090249999996,2525BD00198
-25.4574,25.853,239.1530625,2525BD00199
-25.6506,25.9959,338.09851000000003,2525DB00393
-25.5441,25.9456,256.280216,2525DB00394
-25.5454,25.9408,207.292003,2525DB00395
-25.8573,25.8714,363.812686,2525DD00644
-25.8232,25.9665,310.726441,2525DD00646
-25.7013,26.0081,279.2076565,2526CA00755
-25.72110000000008,26.135400000000022,247.1811065594405,2526CA00756
-25.72869,26.30048,35.828641,2526CB00262
-25.8264,26.0655,160.79017949999997,2526CC00486
-25.8895,26.025899999999996,203.08028166666668,2526CC00487
-25.75153,26.35021,235.234964,2526CD00200
-25.76127,26.34914,150.555432,2526CD00201
-25.82081,26.43637,167.91530699999996,2526CD00209
-25.82572,26.43815,166.982332,2526CD00213
-25.82356,26.46827,181.496922,2526CD00219
-25.76592,26.35962,22.752592,2526CD00301
-25.78872,26.36678,140.85666799999996,2526CD00310
-25.82007,26.46838,171.32487400000005,2526CD00312
-25.76096,26.32484,245.630035,2526CD00315
-25.9842,26.39514,249.618758,2526CD00319
-25.75812,26.34331,211.861377,2526CD00324
-25.75848,26.32906,243.555639,2526CD00325
-25.13847,28.64433,301.700113,2528BA00162
-25.13853,28.64936,346.461897,2528BA00165
-25.7848,28.194599999999998,220.71441633333336,2528CC00062
-25.9362,28.2449,211.21940533333336,2528CC00959
-25.7848,28.1949,218.90655766666669,2528CC00960
-25.9171,28.3383,116.60855649999999,2528CD00436
-25.9157,28.3438,112.480537,2528CD00442
-25.9859,28.3314,138.88895,2528CD00443
-25.04504,29.74866,14.262587,2529BA00104
-25.05907,29.63402,12.225316000000001,2529BA00235
-25.215,29.60166,399.395287,2529BA00236
-25.21602,29.60116,285.775278,2529BA00237
-25.029770000000006,29.78321,109.65503100000001,2529BB00133
-25.09175,29.75001,21.778867,2529BB00134
-25.27287,29.55546,87.60165799999999,2529BC00200
-25.27009,29.55684,3.3425,2529BC00201
-25.26319,29.6063,386.280334,2529BC00202
-25.26923,29.59927,162.831741,2529BC00203
-25.27753,29.59778,143.244578,2529BC00204
-26.27451,26.865040000000015,312.4416431153846,2626BD00185
-26.2752,26.8644,281.74366499999996,2626BD00306
-26.66999999999999,26.86917000000002,388.9310538809524,2626DB00387
-26.1981,27.1649,231.7793815,2627AA00143
-26.38624,27.1378,280.36714399999994,2627AC00230
-26.4102,27.1744,373.50914449999993,2627AC00232
-26.4096,27.1775,387.0357965,2627AC00234
-26.4799,27.1516,355.926522,2627AC00258
-26.09802,27.719620000000006,494.770488,2627BA00267
-26.097620000000006,27.719309999999986,454.48005483333327,2627BA00268
-26.09681,27.719160000000027,280.4978903454546,2627BA00269
-26.090760000000024,27.722220000000032,22.84793254545454,2627BA00270
-26.077250000000028,27.699119999999997,107.47142167272726,2627BA00271
-26.0268,27.5641,130.30317050000002,2627BA00706
-26.284719999999997,27.636390000000002,263.36950909090905,2627BC00417
-26.26667,27.73333,221.421617,2627BC00437
-26.26667,27.73333,83.52715400000001,2627BC00438
-26.26667,27.73333,5.482429,2627BC00439
-26.26667,27.73333,201.333795,2627BC00440
-26.291670000000007,27.616670000000003,293.831975,2627BC00449
-26.28944000000001,27.67083,430.47772222222216,2627BC00450
-27.4641,23.4362,188.96174699999997,2723AD00076
-27.446389999999987,23.489170000000026,223.1833585365854,2723AD00077
-27.502000000000006,23.6841,317.55064024999996,2723AD00405
-27.6826,23.6043,315.2459756363636,2723DA00378
-27.6636,24.0879,320.13248999999996,2724CA00102
-27.6112,24.6022,472.119,2724DA00081
-27.072220000000012,26.769999999999996,416.99361918750003,2726BB00004
-28.1663,23.5568,148.776816,2823BA00172
-28.1332,23.5636,80.4021575,2823BA00173
-31.94861,18.92361,60.7355,3118DD00133
-31.99694,19.07444,36.3487,3119CC00048
-32.09278,19.05,3.3425,3219AA00118
-32.6583,19.099999999999998,5.1803036,3219CA00029
-32.70657,19.21201,3.3425,3219CA00098
-32.67345,19.20427,5.884446,3219CA00099
-32.6588,19.2013,3.3425,3219CA00100
-32.65118,19.20354,3.3425,3219CA00103
-32.68603,19.23909,7.3169119999999985,3219CA00183
-32.67499999999999,19.208610000000007,6.603711999999999,3219CA00184
-32.648990000000005,19.20461,5.410016000000001,3219CA00186
-32.56806,19.02972,8.378414625000001,3219CA00189
-32.58222,19.07639,11.6142,3219CA00223
-32.550000000000004,19.359720000000006,31.836139090909093,3219CB00034
-32.86083,19.10611,5.75887375,3219CC00063
-32.83056,19.055270000000004,14.547492666666667,3219CC00066
-32.84167,19.056389999999997,11.558811222222223,3219CC00067
-32.895,19.35583,7.332573,3219CD00063
-25.19358,25.80122,215.483345,A1E001
-25.45700000000001,25.853309999999972,233.5263365048544,A1H001
-25.444399999999995,25.86209999999999,261.01058848076923,A1H002Q01
-25.545000000000023,25.93527999999997,202.81257945205476,A1H003Q01
-25.544169999999955,25.947499999999994,233.90684342105257,A1H004Q01
-25.331110000000038,25.76000000000002,293.48755730337075,A1H005Q01
-25.89956286947166,28.171469471412877,168.22568096008627,A21
-25.57048461538462,28.056457692307692,241.13119961538462,A23
-24.83468,28.22411,16.281836,A23BUFF-KOMAN
-24.9061,28.258000000000003,20.217754,A23PLAT-NOODS
-24.8575,27.9109,30.400013,A23TOOY-ETOSH
-24.6416,27.3681,224.499252,A24CROC-BENAL
-24.8898,27.5183,211.157689,A24CROC-KOEDO
-24.2925,27.028000000000002,222.316984,A24CROC-MORGE
-24.5877,27.2497,194.950725,A24CROC-SWEET
-24.6842,27.469,29.050586999999997,A24SAND-BRAKV
-24.5381,27.6408,14.311277999999998,A24SUND-BUFFE
-24.6302,27.6058,21.955776,A24SUND-WATER
-24.678,27.8991,48.15527,A24VING-KAREE
-25.6173,27.76687,473.6916,A2CROC-BRITS
-25.54833,27.709390000000006,296.760334,A2CROC-ZOUTP
-25.55511,26.90881,41.217558000000004,A2DWAR-BULHO
-25.51572,26.93144,47.78190033333334,A2DWAR-WATER
-25.46392,26.78925,75.84209633333333,A2ELAN-BESTE
-25.30617,27.476190000000006,175.411202,A2ELAN-BULHO
-25.70881,26.71431,25.025498,A2ELAN-DOORK
-25.84103,26.756,19.0884275,A2ELAN-DOORN
-25.44653,26.89478,197.89116624999997,A2ELAN-HOOGE
-25.726560000000003,26.72044,30.964561333333332,A2ELAN-KLIPB
-25.4824,26.69,74.2907035,A2ELAN-LINDL
-25.58186,26.67789,65.810311,A2ELAN-NOOIT
-25.334399999999984,27.291399999999985,236.17079112820508,A2ELAN-RIETS
-25.65025,26.690610000000003,33.71865366666666,A2ELAN-SWART
-25.86272,26.77842,134.94274099999998,A2ELAN-VLAKF
-25.380560000000482,28.316670000000144,149.70377966410274,A2H006Q01
-25.98582999999996,28.331110000000063,125.53943564356429,A2H008
-25.87639,28.26528,135.05599999999998,A2H009Q01
-26.02167000000007,27.564720000000165,134.7914316675392,A2H010Q01
-25.810480000000094,27.909549999997925,192.40227632906885,A2H012Q01
-25.777029999999765,27.761109999999594,203.08727214628107,A2H013Q01
-25.79841999999935,27.985330000000655,201.14869278703688,A2H014
-25.40360999999997,27.574780000000086,211.55674482981536,A2H019Q01
-25.127779999999845,27.62888999999996,163.36786362094242,A2H021Q01
-25.954659999999635,27.96216999999964,165.82532603461198,A2H023
-26.151189999999833,27.594860000000104,15.465849517605632,A2H024
-24.93333000000001,27.54833000000004,191.23250333333328,A2H025Q01
-25.40583000000006,28.278330000000068,248.15902937499996,A2H026Q01
-25.663169999999816,28.351150000001507,161.04778504744607,A2H027Q01
-25.650829999998958,28.319440000001663,179.55139324866576,A2H028Q01
-25.648889999999003,28.39194000000092,136.65478348746936,A2H029Q01
-25.60167000000001,28.376109999999766,229.46896757983203,A2H030Q01
-25.63752999999998,27.027030000000007,141.21093514942524,A2H032
-25.87444000000004,27.78222000000004,200.16492797931025,A2H033Q01
-25.824830000000098,27.771749999999894,167.97149721290737,A2H034
-25.867499999999986,27.783329999999985,151.32358965517238,A2H035Q01
-25.72585999999972,26.884440000000385,40.93177010411901,A2H036
-24.663609999999977,27.37582999999998,173.079745,A2H037Q01
-25.734110000000115,27.214219999999884,11.909260021148064,A2H038
-25.71667000000002,27.186110000000024,7.510684446428572,A2H039Q01
-26.03139000000009,28.112220000000328,306.4491576595742,A2H040Q01
-26.005280000000184,28.033329999999573,251.05653556058894,A2H042Q01
-25.95806,28.034440000000004,102.44885,A2H043Q01
-25.895499999999362,27.93480999999942,166.96470407374224,A2H044
-25.892639999999304,27.91436999999955,231.82132083174906,A2H045
-26.068180000000176,27.972019999999745,137.13500075834963,A2H047
-25.573270000000583,27.754450000000315,255.41805289937082,A2H048
-25.976810000000107,27.836439999999413,277.0505386476192,A2H049
-25.99135999999999,27.84207999999954,110.18040498697398,A2H050Q01
-26.033110000000228,27.842690000000143,89.98818351344084,A2H051
-25.645559999999946,27.7844400000001,206.1990654320987,A2H052Q01
-25.809280000000058,27.476029999999888,16.288769565217397,A2H053
-25.683329999999856,28.286390000000416,176.82328163185386,A2H054Q01
-25.69222000000058,28.293060000000146,197.74568918159406,A2H055Q01
-25.73332999999955,28.17917000000011,214.06741694178314,A2H056Q01
-25.733329999999555,28.168060000000494,217.52469197571742,A2H057Q01
-25.748190000000122,27.90985999999987,240.59623550930218,A2H058
-25.206389999999615,27.55800000000063,233.00114270404026,A2H059Q01
-25.062219999999815,27.52111000000059,195.58448329982386,A2H060Q01
-25.45964000000022,28.264309999999366,193.82053836565325,A2H061Q01
-25.759999999999312,28.220000000000507,145.11933374726996,A2H062Q01
-25.700830000000728,28.191109999999792,199.83115824980575,A2H063Q01
-25.64166999999998,28.1875,276.1462380952381,A2H066Q01
-25.708329999999986,27.84582999999998,206.34487999999993,A2H067Q01
-25.56444000000004,27.834720000000015,211.14023000000003,A2H068Q01
-25.50833,27.762499999999996,198.78791904761906,A2H069
-25.383499999999934,28.305999999999912,137.71288093939384,A2H070R01
-25.385000000000126,28.309500000000032,143.95607830653265,A2H070S01
-25.578669999999974,28.329000000000065,136.6805208088235,A2H071R01
-25.574329999999943,28.32882999999995,144.2058792553191,A2H071S01
-25.30667,27.486390000000004,101.128288,A2H072R01
-25.30667,27.486390000000004,129.87318325,A2H072S01
-25.88111,28.26306,107.05629090909092,A2H073R01
-25.724440000000197,27.84582999999901,174.70953749940898,A2H081Q01
-25.723890000000154,27.848009999999878,152.12097248571433,A2H082Q01
-25.71889000000009,27.84360999999991,156.31932851568882,A2H083Q01
-25.62110999999999,28.189720000000005,181.14024166666664,A2H084Q01
-25.621940000000464,28.191670000000137,186.439991547655,A2H085Q01
-25.78556000000001,27.259999999999994,65.26194090909094,A2H088Q01
-25.88556000000003,28.302779999999988,144.76611124164526,A2H090Q01
-25.78017,27.48722,35.27792727272726,A2H092Q01
-25.54769000000006,27.35232999999996,247.77494877272736,A2H094Q01
-25.49749999999991,26.69036000000011,63.34866327428569,A2H096
-24.86722,28.259999999999998,20.733619999999995,A2H097Q01
-25.61860000000119,28.371899999998657,142.8485004213948,A2H100Q01
-25.618500000000026,28.372100000000028,142.24261999999996,A2H101Q01
-25.617700000000013,28.372100000000245,135.48872352362702,A2H102Q01
-25.698470000000064,26.905689999999847,61.2426523866171,A2H104
-25.13111000000005,27.811109999999967,165.4028491552707,A2H106Q01
-25.65700000000008,26.69469,37.9399313609756,A2H107
-25.318559999999884,27.48947000000023,193.6501815213415,A2H110Q01
-25.306580000000267,27.476220000000097,174.21729912996403,A2H111Q01
-25.40667000000016,27.57618999999989,195.8551806943127,A2H113Q01
-25.40278000000003,27.576219999999942,210.32365639814822,A2H114Q01
-25.722780000000046,27.847780000000046,162.4002406433566,A2H117
-25.614999999999828,28.37055999999993,166.73050946093767,A2H122Q01
-25.615000000000006,28.370559999999994,175.99956834615386,A2H122Q02
-25.6232,28.33873999999988,133.41859508740353,A2H124Q01
-25.688609999999933,28.361940000000068,130.65076718844222,A2H125Q01
-25.677779999999988,28.40193999999984,160.31803933201576,A2H126Q01
-25.69499999999983,28.358609999999825,196.71382690890255,A2H127Q01
-24.396189999999972,27.089829999999935,215.80755843157883,A2H128Q01
-24.695139999999835,27.409060000000196,216.9512077772923,A2H132Q01
-25.93947,27.33555,152.678052,A2HEX-BUFFE
-25.881870000000017,27.31007999999998,286.6025047096774,A2HEX-LEEUW
-25.81842,27.27068,232.85310575,A2HEX-OLIFA
-25.6081,27.2894,336.42138145454544,A2HEX-PAARD
-25.52135,27.37527,365.6834005,A2HEX-ROOIW
-25.63094,27.291220000000006,103.16147600000001,A2HEX-RUSTE
-25.67578,27.277140000000006,348.175977,A2HEX-WATER
-25.57478,27.68303,350.9130235,A2KARE-ZOUTP
-25.864450000000005,27.166429999999995,232.57541306249993,A2KLEI-MIDDE
-25.005470000000006,27.00111,59.19053400000001,A2KOLO-RHENO
-25.75286,26.89011,57.82934125,A2KOST-NAAUW
-25.62008,27.00533,197.260871,A2KOST-TWEER
-25.35919,27.2105,387.10573,A2LARE-HARTB
-25.13958,27.69114,158.26034266666665,A2PIEN-BUFFE
-25.726540000002416,27.84884000000155,154.35744892580055,A2R001Q01
-25.74508000000002,27.8501,173.47652571428569,A2R001Q02
-25.761649999999996,27.803639999999987,175.91011538461538,A2R001Q03
-25.76283999999999,27.86602000000001,167.33596153846156,A2R001Q04
-25.761729999999986,27.89026999999999,179.08303846153848,A2R001Q05
-25.75207,27.893919999999998,135.74030000000002,A2R001Q06
-25.760220000000015,27.82184000000004,197.69571363636356,A2R001Q07
-25.739930000000033,27.86421999999996,197.2122009009009,A2R001Q08
-25.74242000000003,27.882779999999947,196.26246446280985,A2R001Q10
-25.622619999999685,28.189549999999464,189.40808684204163,A2R002Q01
-25.623,28.189000000000004,188.6535,A2R002Q02
-25.623,28.189,248.84565,A2R002Q03
-25.623,28.189,249.75990000000002,A2R002Q04
-25.623,28.189,247.20285,A2R002Q05
-25.623,28.189,247.62560000000002,A2R002Q06
-25.623,28.189,248.84565,A2R002Q07
-25.623,28.189,247.2953,A2R002Q08
-25.623,28.189,213.4167,A2R002Q09
-25.623,28.189,243.66675,A2R002Q10
-25.785109999999875,27.259329999999917,108.53651340763047,A2R003
-25.87639000000023,28.265279999999688,133.41333387846825,A2R004Q01
-25.87639,28.26528,141.1697,A2R004Q02
-25.87639,28.26528,141.4597,A2R004Q03
-25.87639,28.26528,143.25579999999997,A2R004Q04
-25.87639,28.26528,142.7967,A2R004Q05
-25.87639,28.26528,140.1709,A2R004Q06
-25.87639,28.26528,141.12939999999998,A2R004Q07
-25.87639,28.26528,140.9603,A2R004Q08
-25.87639,28.26528,141.6288,A2R004Q09
-25.87639,28.26528,142.29729999999995,A2R004Q10
-25.87639,28.26528,140.68215,A2R004Q11
-25.77916999999984,27.487499999999905,23.832202890818866,A2R005Q01
-25.56281,27.349360000000125,253.8608156806932,A2R006
-25.497690000000134,26.690470000000218,70.27097129253562,A2R007
-24.867220000000067,28.26000000000014,19.585586127358496,A2R008Q01
-25.62200000000209,28.37300000000303,135.98623466751545,A2R009Q01
-25.61999999999967,28.358000000000157,134.722891829804,A2R009Q02
-25.62083,28.373330000000006,140.6136590909091,A2R009Q03
-25.620830000000005,28.373330000000003,144.21536999999998,A2R009Q04
-25.62083000000001,28.373330000000006,146.02643333333333,A2R009Q05
-25.620830000000005,28.373330000000003,133.75831999999997,A2R009Q06
-25.63999999999964,28.3440000000002,135.38541172902603,A2R009Q07
-25.634999999999312,28.379000000000605,133.79993549999995,A2R009Q08
-25.627000000000333,28.348999999999396,134.8418689826708,A2R009Q09
-25.62554,28.345440000000004,188.4340915,A2R009Q10
-25.700000000000355,26.90500000000004,62.52049487312416,A2R011Q01
-25.131109999999712,27.811109999999708,164.91193889157296,A2R012Q01
-25.66180999999983,26.694000000000187,44.57504011612902,A2R013
-25.309300000000334,27.475000000000207,156.2457929674797,A2R014Q01
-25.40740000000005,27.577199999999817,210.09612391160218,A2R015Q01
-25.40472,27.57667,247.90095,A2R015Q02
-25.40472,27.57667,230.85935,A2R015Q03
-25.40472,27.57667,259.00350000000003,A2R015Q04
-25.38950000000028,28.276620000000353,193.48381051189332,A2R016Q01
-25.55339,27.79475,487.87676,A2ROSE-MAMOG
-25.52735,28.02798,173.43240500000002,A2SAND-NOOIT
-25.80745,27.47815,15.154727,A2STER-BUFFE
-25.59839,27.505749999999995,211.98471600000002,A2STER-MAMOG
-25.833500000000004,27.3885,10.5138374,A2STER-RIETF
-25.725170000000002,27.48333,201.83155466666668,A2STER-SPRUI
-25.526759999999992,27.552699999999987,283.01546723076916,A2STER-WAAIK
-25.64964,27.48381,362.751123,A2STER-ZWART
-25.4945,28.0222,142.909772,A2TOLW-NOOIT
-25.558399999999995,28.006649999999997,232.6001796666667,A2UNSP-OUDEK
-25.84117,26.73508,25.13779,A2UNSP-TRIBU
-25.73597,27.26665,20.428522333333333,A2WATE-WATER
-24.65078,26.40928,218.819979875,A32MARI-DERDE
-25.80815,26.45655,196.14193674999999,A3BOKK-BOKKR
-25.798690000000004,26.44869000000001,199.78071466666665,A3BOKK-WATER
-25.693720000000006,26.430110000000003,154.50305160000002,A3DRAA-BRONK
-25.74461,26.35217,194.75726674999999,A3DRAA-DRAAI
-25.74097,26.34797,266.34875775,A3DRAA-RHENO
-25.5637,26.40535,151.09460033333332,A3GMAR-DOORN
-25.65867,26.435030000000005,142.70341633333334,A3GMAR-KOEDO
-24.8437,26.48602,184.656725,A3GMAR-LOTTE
-25.46118,26.391899999999996,131.85414355555554,A3GMAR-RIEKE
-25.63286,26.40967,140.9522355,A3GMAR-SALLI
-25.31866,26.40103,297.16949150000005,A3GMAR-STRAA
-25.705809999999996,26.423670000000005,191.43430200000003,A3GMAR-TSWAS
-25.64260000000001,26.413220000000003,141.0637295,A3GMAR-VERGE
-25.8225,26.46806,329.6788315,A3H002
-24.86805999999996,26.45443999999998,234.05390280373834,A3H007Q01
-25.69583000000007,26.00833000000007,256.81932159405943,A3H009Q01
-25.666109999999982,25.99638999999997,267.00149274,A3H010Q01
-25.604169999999993,25.991390000000006,270.4544511111111,A3H011Q01
-25.55167,25.9975,126.2011,A3H012Q01
-25.64721999999998,25.948890000000002,284.7273121212121,A3H013Q01
-25.667220000000018,25.94888999999999,267.2403511627906,A3H014Q01
-25.63833,25.928889999999964,324.59294303797463,A3H015Q01
-25.59722,26.306940000000022,13.977280952380951,A3H016Q01
-25.81360999999998,26.04889000000002,164.3130701492537,A3H018
-25.76408000000001,25.991670000000003,263.11827120512817,A3H019
-25.834719999999987,25.984720000000003,272.4357891304348,A3H020Q01
-25.63313999999996,25.99130999999993,299.61857386597944,A3H021
-25.631530000000073,25.99542000000005,315.68783179130435,A3H022
-25.82750000000003,26.063609999999986,160.04641333333333,A3H023Q01
-25.537499999999998,26.104170000000003,311.9457666666666,A3H024Q01
-25.768060000000027,25.98471999999999,255.9133553571428,A3H026Q01
-25.46846999999983,26.392830000000203,135.13257222404368,A3H028
-25.46178,26.392330000000005,144.95441666666667,A3H029
-25.522079999999978,26.15114,245.2230178571428,A3H030
-25.521689999999886,26.150330000000107,315.49099985470093,A3H031
-25.43894,26.35014,141.47443333333334,A3H032
-25.442809999999806,26.34569000000009,102.19645509059231,A3H033
-24.86972,26.45389,122.50524,A3H034Q01
-24.869719999999976,26.45388999999998,145.87286381818183,A3H039Q01
-24.7288900000002,26.41861000000018,153.5443003550294,A3H040Q01
-25.54222000000001,26.10139000000001,314.10969677419354,A3H041Q01
-25.52155000000001,26.151560000000014,297.68806264444447,A3H042Q01
-25.78362000000001,26.379250000000006,147.71423922222226,A3KAAL-GROOT
-25.77651,26.433780000000006,143.6460281111111,A3KAAL-RIETS
-25.54147,26.102220000000006,397.37543350000004,A3KARE-ABJAT
-25.54689,26.07361,428.6885949999999,A3KARE-GHOLF
-25.547220000000006,26.08892,433.1876088,A3KARE-RAILW
-25.688000000000002,26.14148,342.95806849999997,A3KMAR-DOORN
-25.51633,26.15861,380.06284800000003,A3KMAR-KALKD
-25.50543,26.20622,394.3355166666667,A3KMAR-NOOIT
-25.74667,25.97353,289.48467400000004,A3MOLE-OTTOS
-25.42919,25.86717,384.3127834999999,A3NGOT-PUANE
-25.470440000000046,26.392579999999906,129.75944640666663,A3R001
-25.52188999999999,26.149419999999846,256.9958268119998,A3R002
-25.443529999999903,26.345390000000073,121.05857736057689,A3R003Q01
-24.87017000000011,26.45399999999986,121.17379030049256,A3R004Q01
-25.30642000000001,25.94885999999999,67.2391949047619,A3R005
-25.79208,26.52098,74.64947974999998,A3RIBB-SYFER
-25.82181,26.436280000000004,166.30551214285714,A3RIET-RENOS
-25.66619,26.57175,40.6131625,A3STER-DOORD
-25.68789,26.631579999999996,13.595521833333335,A3STER-SWART
-25.64697,26.489280000000004,56.571211166666664,A3STER-TWYFE
-25.667579999999997,26.618000000000002,22.530933400000002,A3STER-VLEID
-25.666970000000003,26.53997,13.024225166666668,A3UITV-STERK
-25.69364,26.61528,10.957932000000001,A3UNSP-BOKKR
-25.68331,26.619940000000003,10.1700635,A3UNSP-RIETV
-25.739579999999997,26.524580000000007,58.616119,A3VANS-RIETF
-24.159440000000078,27.479720000000068,16.42853674806201,A4H004Q01
-23.7,26.98222,295.284176,A4H012Q01
-23.23572000000001,27.716999999999988,20.496682030303027,A4H014Q01
-25.818330000000053,29.337779999999867,233.17476175175625,B1H002
-25.673330000000266,29.171109999999576,254.9359252060411,B1H004Q01
-25.679170000000056,29.168609999999983,253.53247598750005,B1H004Q02
-26.00638999999984,29.25388999999996,237.26357733930848,B1H005Q01
-26.355830000000335,29.214169999999584,89.29934037562178,B1H006
-25.89167000000047,29.304169999999726,222.87240951734142,B1H010Q01
-25.80805999999968,29.586670000000343,260.6949895723351,B1H012Q01
-25.773330000000062,29.54361000000047,251.93112132561748,B1H015Q01
-26.305560000000373,29.274170000000346,215.416118918193,B1H017Q01
-26.2166699999999,29.459169999999812,124.84644468098146,B1H018Q01
-25.93972000000007,29.257499999999784,263.32161050434775,B1H019
-26.105830000000264,29.33083000000024,335.48238141855205,B1H020Q01
-26.136109999999757,29.270000000000348,171.3666746684783,B1H021Q01
-26.495000000000328,29.24111000000034,90.08261544863002,B1H022Q01
-25.88277999999998,29.643330000000045,192.15403437499998,B1H023Q01
-25.955830000000002,29.611390000000004,395.8258333333333,B1H024Q01
-25.95528,29.65694,357.1668,B1H025Q01
-25.998610000000024,29.72832999999998,52.49377017543858,B1H026Q01
-25.963610000000003,29.71972,116.81935882352943,B1H027Q01
-26.17333000000002,29.249440000000035,52.83485639393939,B1H028
-26.063060000000004,29.199439999999996,201.46112499999998,B1H029Q01
-25.98611,29.33222,355.6429,B1H030
-26.04639,29.18583,451.0432,B1H031Q01
-25.82167000000003,29.206110000000066,338.3124398421052,B1H032Q01
-25.8916700000004,29.304169999999775,206.0081221152541,B1R001Q01
-25.77499999999977,29.54582999999962,278.5306939058116,B1R002Q01
-25.798889999999922,28.735829999999993,102.39783345913813,B2H003Q01
-25.92472,28.585559999999745,105.98194469006489,B2H004Q01
-25.993609999999936,28.512500000000273,62.500778478664195,B2H005Q01
-25.966670000000242,28.550830000000115,65.12204410328064,B2H006Q01
-25.994719999999763,28.66277999999965,99.03938941523612,B2H007Q01
-26.078890000000232,28.56278000000017,95.77100041962764,B2H008Q01
-26.09166999999986,28.603610000000074,112.81910342465754,B2H009Q01
-25.88616999999992,28.72227999999996,121.066485733711,B2H010Q01
-25.826670000000266,28.880829999999893,93.40028165329046,B2H014Q01
-25.61611000000025,29.016110000000083,98.59359952989693,B2H015Q01
-25.578779999999945,29.127469999999935,129.58152000704223,B2H016
-25.886940000000255,28.72138999999978,115.32055193935796,B2R001Q01
-24.9266700000003,29.389440000000217,161.09125843375384,B3H001Q01
-25.26222000000001,28.46749999999999,120.06520121428571,B3H003Q01
-24.884720000000012,29.35750000000004,216.13199690721643,B3H004Q01
-24.990560000000063,29.351389999999917,169.5270070763889,B3H005Q01
-25.269440000000028,29.18471999999978,37.80594358913415,B3H007Q01
-25.114439999999966,28.997499999999953,78.56248198198197,B3H008Q01
-25.254169999999995,28.470830000000003,42.19394666666666,B3H009Q01
-25.112500000000082,28.987500000000093,78.04007603488371,B3H010R01
-25.11250000000008,28.98750000000009,78.23204340718559,B3H010R02
-25.11250000000008,28.98750000000009,99.64171270481926,B3H010R03
-25.112500000000082,28.987500000000093,96.27601487134504,B3H010S01
-25.23333000000002,28.51666999999998,46.347693974248934,B3H013Q01
-25.233330000000013,28.516669999999984,41.77034761904762,B3H014Q01
-25.416670000000156,29.358329999999505,113.47981636850159,B3H015Q01
-25.416670000000064,29.358329999999633,117.79482758606551,B3H016Q01
-25.416670000000078,29.358329999999615,134.8976514178219,B3H017Q01
-25.39722,29.48333,102.24259999999998,B3H019
-25.099999999999998,28.92139,74.673263625,B3H020Q01
-24.925280000000154,29.324440000000155,294.24067390522885,B3H021Q01
-25.50639,29.25917,102.8226,B3H024Q01
-24.958609999999997,29.395280000000007,280.373321,B3H025
-25.23430000000007,28.517200000000127,45.75228905601661,B3R001Q01
-25.23333,28.51667,41.8675875,B3R001Q02
-25.41829999999976,29.3598999999998,107.5673172647059,B3R002Q01
-25.432639999999996,29.337720000000164,79.63491838565028,B3R002Q02
-25.455500000000026,29.295280000000048,82.77196807511739,B3R002Q03
-25.39721999999999,29.483330000000016,44.51853846153846,B3R004
-25.09829999999978,28.91769999999997,81.65458760215053,B3R005Q01
-25.028890000000455,29.856670000000378,113.22657702827789,B4H003Q01
-25.008890000000005,30.444999999999997,98.98687499999998,B4H004Q01
-25.037780000000037,30.219170000000236,66.39995948395719,B4H005Q01
-25.008060000000107,30.499439999999655,39.51316039211819,B4H007Q01
-24.912499999999977,30.103330000000476,192.61676153503163,B4H009Q01
-25.07527999999974,30.438890000000207,58.22103870493994,B4H010Q01
-24.552779999999988,30.373330000000127,177.26672356476683,B4H011Q01
-25.068610000000003,30.60139000000001,21.2369,B4H012Q01
-25.00833,30.5,21.083560000000002,B4H015
-25.279169999999855,29.941670000000116,73.66541816887414,B4H016Q01
-25.230279999999947,29.947500000000165,89.62267703289469,B4H017Q01
-25.1,29.87917,140.58216925,B4H020Q01
-24.954170000000392,30.266670000000477,93.93670337645112,B4H021Q01
-24.62972,30.30833,253.99679999999995,B4H022Q01
-25.06554000000003,29.840189999999982,122.05264688372093,B4H024Q01
-24.483539999999977,30.41502000000001,165.5158194473684,B4H025Q01
-25.27970000000004,29.942000000000004,75.49118658878506,B4R001Q01
-25.231600000000054,29.94930000000015,74.70526379596414,B4R002Q01
-25.099999999999998,29.879169999999995,169.5368113,B4R003Q01
-24.95522,30.2655,58.854324,B4R004A01
-24.95520000000015,30.26509999999998,94.23258362463352,B4R004Q01
-24.26749999999996,29.801390000000055,296.90936311965805,B5H002Q01
-24.2675,29.80139,372.21539999999993,B5H002Q02
-24.774439999999785,29.422220000000262,145.1747019435797,B5H004Q01
-24.616670000000006,29.03333,94.4561,B5R001Q01
-24.780899999999896,29.42640000000016,154.17458203717936,B5R002Q01
-24.679169999999846,30.802499999999956,77.64943372790293,B6H001Q01
-24.686110000000152,30.81500000000006,29.933415279232126,B6H003Q01
-24.458610000000142,30.827499999999645,74.08149170222735,B6H004Q01
-24.513890000000035,30.828889999999895,83.3401879133858,B6H005
-24.92749999999986,30.546110000000166,48.29121394377509,B6H006Q01
-24.72417,30.643890000000006,80.97622499999999,B6H007Q01
-24.93028000000003,30.629440000000052,21.839587275362316,B6H011Q01
-24.52693999999994,30.79360999999996,66.08840825510202,B6H014Q01
-24.534440000000004,30.796389999999988,73.6648,B6H015Q01
-24.313889999999997,30.855939999999993,91.2604708367347,B6H017
-24.933299999999914,30.632200000000008,20.128284818965525,B6R001Q01
-24.53690000000005,30.798200000000033,71.84821241946308,B6R003Q01
-24.091940000000076,30.275279999999878,25.70477120958084,B7H002Q01
-24.12194,30.35861,112.681,B7H003Q01
-24.555279999999946,31.03221999999971,19.191157078947363,B7H004Q01
-24.183890000000176,30.823889999999725,146.4270456344086,B7H007Q01
-24.18278,30.81917,181.3326,B7H007Q02
-24.009170000000005,30.672779999999992,89.52657642857142,B7H008Q01
-24.331170000000004,30.741640000000157,182.169416920635,B7H009Q01
-24.33117,30.741640000000004,222.473,B7H009Q02
-24.03499999999991,30.433329999999888,51.2488478713235,B7H010Q01
-24.16361,30.10583,113.1235,B7H011Q01
-24.17249999999994,30.103060000000124,124.2953115105485,B7H013Q01
-24.123889999999896,30.353610000000074,86.90330215409837,B7H014Q01
-24.058890000000154,31.237220000000185,208.79421611059192,B7H015Q01
-24.068889999999804,31.394440000000024,217.22234142394814,B7H016Q01
-24.05166999999999,31.731390000000232,223.15528390721656,B7H017Q01
-23.993059999999893,31.803329999999985,229.33949604519768,B7H018Q01
-24.034169999999968,31.12361000000005,285.5948708749999,B7H019Q01
-24.540809999999976,31.038129999999953,17.203003170731705,B7H022Q01
-24.524200000000008,31.07040000000002,19.228078953846154,B7R001Q01
-24.070830000000086,31.145830000000043,140.49713134131733,B7R002Q01
-23.81667,30.165000000000003,15.832233333333333,B8H002Q01
-23.67028,30.99028,205.53436200000002,B8H007
-23.658060000000084,31.049999999999553,96.705571285891,B8H008Q01
-23.88027999999978,30.366939999999907,34.97012975265555,B8H009
-23.892219999999835,30.35583000000031,71.56637845985398,B8H010Q01
-23.880559999999754,30.07971999999982,16.658016805668023,B8H014Q01
-23.64555999999996,30.718609999999924,70.08033324305558,B8H017Q01
-23.838609999999882,31.64083000000006,144.67574056937798,B8H018Q01
-23.73333000000002,30.069720000000096,4.926578548895881,B8H022Q01
-23.73193999999987,30.0697200000001,6.910142857142846,B8H023Q01
-23.841670000000008,30.241670000000017,27.498393258426983,B8H024Q01
-23.78749999999996,30.47499999999995,35.03988876404493,B8H025Q01
-23.654170000000008,30.741670000000013,58.06379222222221,B8H026Q01
-23.695830000000058,30.82916999999998,60.264556818181816,B8H027Q01
-23.64861000000015,31.147220000000303,120.48664897876452,B8H028Q01
-23.75917000000001,31.500829999999976,89.8913,B8H029Q01
-23.941670000000002,31.730559999999993,94.87955185185184,B8H030
-23.77500000000005,30.100000000000037,20.458082584269665,B8H031R01
-23.775000000000063,30.10000000000002,39.28576745562131,B8H031S01
-23.941670000000055,29.99167000000002,12.3848535031847,B8H032R01
-23.941670000000055,29.99167000000002,22.141424358974348,B8H032S01
-23.28099999999996,30.543059999999976,160.60581346511626,B8H033
-23.64556,30.71861,107.381016,B8H038
-23.75,30.10833,43.49755,B8H043Q01
-23.822220000000012,30.056939999999965,16.086663543307083,B8H045
-23.816670000000055,30.0625,18.769606012820518,B8H046
-23.8,30.16667,11.520932,B8H049
-23.817520000000037,30.164679999999933,21.42486028235293,B8H050Q01
-23.80000000000006,30.16666999999999,21.082964200000006,B8H051Q01
-23.81448999999998,29.965139999999973,10.619396674418605,B8H053Q01
-23.271670000000064,30.403059999999865,88.99045809765626,B8H054Q01
-23.27167,30.40306,81.6471,B8H056Q01
-23.945830000000036,29.98389000000011,14.180072974093287,B8H064Q01
-23.94080000000006,29.98509999999992,13.437090972111564,B8R001Q01
-23.93793,29.98626,5.839499999999999,B8R001Q02
-23.934649999999973,29.985539999999965,12.978794444444441,B8R001Q03
-23.93213,29.988000000000003,5.5897999999999985,B8R001Q04
-23.93072,29.98622,5.839499999999999,B8R001Q05
-23.92957,29.98447,8.940199999999997,B8R001Q06
-23.92811,29.98217,11.9445,B8R001Q07
-23.92628,29.98038,8.102599999999999,B8R001Q08
-23.92294,29.98256,10.2772,B8R001Q09
-23.92142,29.98301,9.3511,B8R001Q10
-23.91712,29.98382,8.602,B8R001Q11
-23.914459999999995,29.98440000000002,10.345451851851848,B8R001Q12
-23.93567,29.98334,10.5269,B8R001Q13
-23.9387,29.97993,11.082799999999999,B8R001Q14
-23.94208,29.97672,5.5897999999999985,B8R001Q15
-23.94602,29.97406,11.2681,B8R001Q16
-23.94904,29.97277,9.6893,B8R001Q17
-23.95203,29.97178,8.3523,B8R001Q18
-23.95485,29.96951,9.1014,B8R001Q19
-23.95685,29.96629,8.6826,B8R001Q20
-23.9547,29.96332,9.3511,B8R001Q21
-23.9503,29.96262,10.1081,B8R001Q22
-23.94398,29.96531,9.0208,B8R001Q23
-23.93783,29.96394,7.933499999999999,B8R001Q24
-23.941509999999997,29.95667000000001,15.718018181818179,B8R001Q25
-23.94227,29.95113,9.5202,B8R001Q26
-23.749200000000123,30.107600000000087,12.545864971887553,B8R002Q01
-23.81620000000013,30.05540000000013,13.656942560669465,B8R003Q01
-23.800000000000086,30.166669999999908,19.257361309644683,B8R005Q01
-23.8125,29.9666699999999,6.417690027972028,B8R006Q01
-23.273999999999955,30.403699999999912,93.52981501554396,B8R007Q01
-23.254500000000004,30.77072000000012,76.66536560526318,B8R009
-23.58645999999999,30.34954000000002,60.57152299999999,B8R011Q01
-23.21528000000003,31.220000000000063,140.4738991054852,B9H002
-23.1432699999999,31.46262000000006,140.0053925650407,B9H003
-26.52028,29.07167,134.29457499999998,BM11
-26.532500000000013,29.058890000000012,174.36566923076924,BM2
-26.50667,29.05889,116.24571,BM3
-26.94193999999998,29.264170000000206,89.91279987749289,C1H001Q01
-27.169440000000325,29.233890000000283,118.87147826202816,C1H002Q01
-26.627939999999104,29.024469999998995,189.25062871849752,C1H004
-26.854309999999987,29.325279999999577,147.704856236351,C1H005
-26.775809999999346,29.541440000000726,177.5477241478875,C1H006
-26.83999999999893,29.7236100000005,97.63903715708793,C1H007Q01
-26.840000000000007,29.723610000000004,112.82872879411764,C1H007Q02
-26.8611100000002,28.884719999999806,170.59268246793204,C1H008Q01
-26.916110000000042,28.43693999999995,117.79504972375693,C1H009Q01
-27.073889999999903,28.56556,109.70900775862063,C1H010Q01
-27.018889999999974,28.64582999999996,106.61358036363637,C1H011
-27.002219999999543,28.76527999999967,117.58443790038301,C1H012Q01
-27.174470000000568,29.235720000000363,129.95082961123106,C1H015
-27.02314000000026,28.593889999999707,123.31403800857355,C1H017Q01
-26.85889,28.886940000000006,96.51170549999999,C1H018Q01
-26.92194000000015,29.284719999999744,88.52547329668664,C1H019Q01
-26.867170000000556,29.217809999999456,82.7963146229903,C1H020Q01
-26.876779999999574,28.118719999999556,69.10676427952755,C1H024Q01
-27.16249999999995,29.878329999999945,42.072940108280264,C1H026Q01
-26.78027999999985,29.806939999999486,189.34095659051303,C1H027Q01
-26.82833,28.986390000000004,92.2903565,C1H028Q01
-26.85833000000002,28.889169999999964,168.77884084210527,C1H029Q01
-26.97028,28.732220000000037,167.9103444769231,C1H030Q01
-26.991389999999967,28.72972000000003,125.63802271232879,C1H031Q01
-26.54500000000003,29.11417,200.29549456818188,C1H032Q01
-26.54332999999999,29.205,213.81647751111117,C1H033Q01
-26.539719999999996,29.241390000000017,212.17870928571423,C1H034Q01
-26.560829999999996,29.145560000000003,221.42227088636366,C1H035Q01
-26.627780000000023,29.021109999999968,177.03134172972977,C1H036Q01
-26.583609999999965,29.030279999999962,147.54767337500004,C1H037Q01
-26.529720000000005,29.15056000000003,185.9902729876543,C1H038Q01
-26.536110000000004,29.15000000000001,227.32250566666664,C1H039Q01
-26.53639000000008,29.145829999999957,150.74382530303038,C1H040Q01
-26.493609999999993,29.118060000000007,121.60102758333333,C1H041
-26.551526615384645,29.07707476923073,111.70456604615384,C1H042
-26.51027999999998,29.018610000000034,183.4036747391305,C1H043
-26.883399999999337,28.11669999999919,67.03098450302294,C1R001Q01
-26.882340000000063,28.116070000000025,62.69580851063824,C1R001Q02
-26.88234000000007,28.11607000000003,63.14591388888883,C1R001Q03
-26.88234000000006,28.116070000000025,57.910767441860436,C1R001Q04
-26.882340000000003,28.116069999999993,54.988781249999995,C1R001Q05
-26.882340000000003,28.116069999999993,49.12048666666667,C1R001Q06
-26.882340000000003,28.116069999999997,61.49117857142856,C1R001Q07
-26.8833299999999,28.116670000000138,67.73824248120299,C1R001Q08
-26.918600000000016,29.29469999999999,116.60647894736842,C1R002A01
-26.918699999999443,29.295300000000623,80.13471361638362,C1R002Q01
-26.64805999999966,27.089440000000714,333.8496905070511,C2H001Q01
-26.82022000000005,28.06331,88.96556979166667,C2H003
-26.67074999999996,28.030440000000002,274.44626443956025,C2H004Q01
-26.72971999999958,27.71777999999983,333.34425393927467,C2H005Q01
-26.252219999999987,27.16056000000001,233.18393452499998,C2H006
-27.01011000000055,26.69808000000004,259.1285654356655,C2H007
-26.735280000000333,27.608609999999747,227.2050371379896,C2H008Q01
-26.68916999999999,27.936389999999918,202.8576302083334,C2H010
-26.47694000000005,27.152500000000117,331.9009978333336,C2H011
-26.40805999999987,27.178330000000155,393.206148482456,C2H013
-26.823889999999793,27.925830000000104,108.88436703432498,C2H014Q01
-26.64317999999964,27.961010000000403,311.6819126865673,C2H015
-27.4809,26.21977,136.812175,C2H017
-26.970280000000862,27.21110999999867,213.17763516593854,C2H018Q01
-26.453609999999863,28.085829999999994,326.7720240469207,C2H021Q01
-27.397779999999415,26.505559999999818,270.97780438630554,C2H022Q01
-26.22389000000012,27.73999999999986,299.9479328124999,C2H023
-26.28417000000001,27.680280000000018,201.1424342857143,C2H024
-26.28883000000003,27.669219999999893,321.62832875675684,C2H025
-26.232500000000055,27.66917000000006,20.781384627358484,C2H026
-26.233330000000013,27.652499999999993,30.325369238095238,C2H027
-26.247779999999835,27.59000000000011,22.513742857142876,C2H028
-26.31306000000021,27.488889999999955,308.9994942022471,C2H030
-26.316670000000084,27.392499999999945,365.66489372164955,C2H032
-26.436670000000003,27.32722,386.6718,C2H033Q01
-26.294169999999966,27.83638999999999,224.55073534999994,C2H039Q01
-26.33416999999948,27.38694000000026,312.84362362459586,C2H044
-26.348559999999967,27.430579999999978,359.1836492753624,C2H045
-26.438330000000605,27.479169999999502,53.826383215132196,C2H051Q01
-26.31306000000016,27.388890000000117,346.15118830281693,C2H057
-26.37082999999988,27.253059999999802,416.35667512176155,C2H060Q01
-27.389719999999365,26.46388999999957,240.99589238157915,C2H061
-26.40527999999996,27.601109999999974,410.6838465909092,C2H062
-26.34118999999974,27.428330000000205,338.39691306361857,C2H063
-26.283889999999886,26.860829999999837,260.41338440909095,C2H064
-27.369439999999877,26.351109999999696,150.67372139058548,C2H065Q01
-27.495559999999696,26.074720000000216,144.34961174011295,C2H066Q01
-27.56028000000004,26.23333000000002,82.29314864062496,C2H067Q01
-26.37556000000035,27.230830000000367,392.68466102848345,C2H069Q01
-26.640000000000118,28.230279999999926,276.14128440937515,C2H070Q01
-26.6194399999997,27.980830000000353,289.4613808836715,C2H071Q01
-26.86667000000014,27.02499999999985,284.03884919093844,C2H072Q01
-26.984720000000333,26.632280000000286,310.2184935543475,C2H073Q01
-26.363059999999983,27.267220000000005,353.35508872527464,C2H074
-26.36888999999998,27.252780000000016,357.1290204556962,C2H075
-26.359720000000006,27.701390000000004,393.3251333333333,C2H076Q01
-26.325560000000088,27.403330000000064,322.6588297131781,C2H077
-26.32556000000008,27.403330000000064,347.8344205491803,C2H078
-26.32556000000006,27.403330000000057,338.2933257830191,C2H079
-26.326390000000092,27.410559999999997,314.0924608477156,C2H080
-26.326390000000014,27.41055999999996,330.5444549509803,C2H081
-26.32749999999996,27.42610999999997,337.9957946301369,C2H082
-26.33555999999999,27.32888999999991,329.43796005468744,C2H083
-26.87389000000021,26.658610000000262,213.5091737166663,C2H084Q01
-26.880279999999807,26.964999999999268,320.778968073262,C2H085Q01
-27.399999999999995,26.50833000000003,260.1518410224721,C2H086R01
-27.400000000000055,26.508330000000086,246.8731039473684,C2H086S01
-26.479940000000006,27.151390000000006,339.6834,C2H092
-26.163890000000002,28.46222,140.6119571428571,C2H102Q01
-26.313059999999975,27.38888999999997,361.43053181818186,C2H107
-26.562610000000603,27.110280000000547,303.32859165082226,C2H110
-26.252500000000047,27.160560000000146,237.34055282505372,C2H113
-26.67193999999997,27.099999999999984,281.3490351851851,C2H114
-26.61944,27.29528,285.48035000000004,C2H116
-26.34917000000001,26.777780000000003,222.89828181818183,C2H118Q01
-26.413610000000002,26.797500000000003,210.81985,C2H119Q01
-26.854169999999442,28.121110000000037,66.63714734779056,C2H122Q01
-26.628889999999966,28.29722000000007,116.33646165500001,C2H131Q01
-26.428890000000013,28.181390000000004,314.7087150000001,C2H132
-26.510279999999973,28.351389999999913,278.2428590270269,C2H133Q01
-26.20694000000002,28.46750000000003,248.38545106382983,C2H134Q01
-26.425280000000026,28.16611000000005,344.6425872340423,C2H135
-26.449999999999918,28.08889,371.8782771084337,C2H136Q01
-26.37971999999993,28.07110999999993,199.38072435233164,C2H137Q01
-26.917220000000086,26.81721999999993,358.263908116883,C2H139Q01
-26.73805999999975,27.59193999999971,214.32194678358212,C2H140Q01
-26.450000000000436,28.08582999999999,232.11165795196527,C2H141Q01
-26.255470000000006,28.498249999999988,290.70847692307694,C2H142Q01
-26.35861,28.50917,360.17625000000004,C2H145
-26.27246999999999,28.50472,241.7497857142857,C2H146
-26.25944000000002,28.502500000000033,188.23413953488367,C2H147Q01
-26.427500000000006,28.50444000000002,284.94949444444444,C2H149Q01
-26.21306000000003,28.480829999999976,253.3210535869567,C2H150Q01
-26.33250000000004,27.391109999999955,327.30636313636353,C2H151
-26.139720000000004,27.76667,345.044267,C2H152
-26.16444000000001,27.767219999999984,313.3844908181818,C2H153
-26.265830000000026,27.69944000000001,349.52963367391305,C2H154
-26.363609999999998,27.472780000000014,304.44229129629633,C2H155Q01
-26.35765999999996,27.43309,434.5820997249998,C2H156Q01
-26.323609999999967,27.35417000000002,309.95884738571436,C2H157
-26.434719999999977,27.151939999999982,399.5459570555554,C2H161
-26.51443999999997,27.12472000000002,333.5623513466667,C2H162Q01
-26.435,27.33944000000001,384.1505733333333,C2H163Q01
-26.44556,27.344439999999995,434.2700142857143,C2H164Q01
-26.454999999999988,27.31806,389.89614,C2H165Q01
-26.492499999999975,27.373330000000003,160.34742925641024,C2H166
-26.456670000000027,27.42083000000002,168.996379703125,C2H167
-26.43917000000003,27.498890000000017,39.34968443859648,C2H168
-26.478889999999996,27.53944000000001,265.8035631395349,C2H169Q01
-26.616940000000003,27.29611,159.84757200000004,C2H170
-26.20056,27.162500000000016,233.55273523684215,C2H172Q01
-26.660280000000007,27.08582999999999,295.01549130434785,C2H173
-26.661670000000004,27.086390000000005,318.5573565217392,C2H174
-26.33610999999998,27.337500000000016,332.03905588888887,C2H175
-26.38833,27.27417,392.1757,C2H176
-26.198609999999988,28.47972,140.72270476190474,C2H177
-26.25528,28.49694,253.26700000000005,C2H178Q01
-26.266110000000012,28.50416999999999,380.22369999999995,C2H179Q01
-26.27332999999999,28.505,306.1480692307692,C2H180Q01
-26.290529999999993,28.502749999999995,386.0551357142857,C2H181
-26.355279999999997,28.51611000000001,376.4429428571429,C2H182
-26.386939999999992,28.50555999999999,361.18191818181816,C2H183Q01
-26.43885999999999,28.456360000000007,383.3475374999999,C2H184
-26.478060000000013,28.42583000000001,373.87138118181815,C2H185Q01
-26.175279999999994,28.293060000000008,87.09015714285715,C2H187Q01
-26.18194000000001,28.33471999999999,106.61630545833333,C2H189Q01
-26.160280000000004,28.365279999999988,69.41067272727273,C2H191
-26.158610000000007,28.366109999999995,84.03604615384617,C2H192
-26.18389000000001,28.391939999999988,108.39286818181822,C2H196Q01
-26.21167,28.40694,174.93059999999997,C2H197
-26.212499999999988,28.418060000000004,111.78644090909087,C2H198
-26.215829999999993,28.44194,110.02755217391304,C2H200
-26.209999999999997,28.45056,271.30351304347823,C2H201Q01
-26.20889,28.454169999999987,270.00989821739125,C2H202Q01
-26.204999999999995,28.464170000000003,203.99623434782606,C2H203Q01
-26.249440000000003,28.49583,196.8551,C2H207
-26.26250000000001,28.48472000000001,302.31499655172405,C2H210Q01
-26.415830000000007,28.466670000000008,287.9509647058824,C2H212Q01
-26.47028,28.402500000000007,119.21206875000001,C2H216Q01
-26.17667000000004,27.81861000000002,63.96789322033897,C2H218Q01
-26.177500000000006,27.83694000000001,357.5372210526316,C2H219Q01
-26.336109999999977,27.90306000000003,162.0989147017544,C2H220
-26.22028,27.981940000000005,338.92262702702703,C2H221Q01
-26.21119,27.95233,373.0745,C2H222Q01
-26.22694000000001,28.00306,352.7978499999999,C2H223Q01
-26.22250000000001,27.92889000000001,237.58432352941176,C2H224Q01
-26.22694000000001,28.106670000000005,288.5560571428571,C2H225Q01
-26.23778,28.12417,475.3242,C2H226Q01
-26.2175,28.13472,277.19605,C2H227Q01
-26.29611,28.141939999999988,286.254315,C2H228Q01
-26.21278,28.195,107.6096,C2H229Q01
-26.261390000000002,28.22222,280.3223315789474,C2H231Q01
-26.66389,27.955559999999995,268.9369461538461,C2H233Q01
-26.693330000000053,28.11000000000021,282.84921866784464,C2H234Q01
-26.132220000000004,27.759169999999997,123.98563181249997,C2H235Q01
-26.1125,27.76,263.781883,C2H236Q01
-26.181109999999997,27.77111,107.51905033333333,C2H237
-26.25139,27.74,158.10899999999995,C2H238Q01
-26.309999999999974,27.611110000000025,117.81481179999999,C2H239Q01
-26.428890000000006,27.46806,133.429,C2H240Q01
-26.425,27.34556,332.82695,C2H241Q01
-26.39,27.32,346.0966,C2H242
-26.38861,27.39278,337.4772,C2H244
-26.41942,27.40658,258.8582,C2H245
-26.433060000000022,27.554170000000056,266.11594894666666,C2H246Q01
-26.499720000000018,27.501939999999994,284.29301432432425,C2H247Q01
-26.278890000000004,27.69556,166.4724,C2H248Q01
-26.618750000000038,27.298999999999985,195.97126661842103,C2H249
-26.936669999999996,27.05860999999999,252.65822358333332,C2H250Q01
-26.894170000000027,27.46110999999998,212.69858215789472,C2H251
-26.685500000000026,27.101560000000003,312.86741226923084,C2H252
-26.71583,27.10722,325.52183715384615,C2H253
-26.751389999999983,27.099719999999994,293.5773663703703,C2H254
-26.750559999999968,27.09444000000002,324.23589503333335,C2H255
-26.728890000000035,27.12610999999998,263.42499255128195,C2H256
-26.49722,27.46028,166.9259,C2H257
-26.497219999999977,27.460280000000008,122.82485624590166,C2H257Q01
-26.499169999999996,27.459999999999994,242.26996706249997,C2H258Q01
-26.44831,27.42139,375.43569999999994,C2H259
-26.887220000000024,26.92694000000001,222.65144954430374,C2H260Q01
-26.330559999999995,27.381110000000007,101.32049653571426,C2H261
-26.48694,27.375,74.84039999999997,C2H262
-26.48694,27.375,84.37118608823528,C2H262Q01
-26.46861,27.36636,370.36175000000003,C2H263Q01
-26.38472,27.4975,193.42885,C2H265Q01
-26.38361,27.42528,252.70805000000001,C2H266Q01
-26.353060000000017,27.308890000000012,103.31255005882355,C2H267
-26.371390000000012,27.25582999999998,233.23939715151522,C2H268
-26.43917,27.32778,343.36135175,C2H269Q01
-26.216109999999986,27.742219999999985,221.36049113157893,C2H270
-26.24472000000001,27.73111,256.3696469,C2H271
-27.071579999999933,26.758400000000062,464.08100054014614,C2H274
-26.839330000000007,26.53599999999999,250.45554545454553,C2JAGS-AFRIK
-26.990279999999988,26.619779999999995,221.391768,C2JAGS-GOEDG
-26.83011,26.51578,205.813905,C2JAGS-RIETK
-27.24622,26.34422,467.67900000000003,C2KLIP-SYFER
-26.5224,27.37667,205.5168875,C2LOOP-TAAIB
-26.562000000000737,27.112600000000327,294.1208577906053,C2R001Q01
-26.816940000000205,26.61443999999979,239.9136100165439,C2R002Q01
-26.25219999999993,27.160499999999967,235.03750144512205,C2R003Q01
-26.671940000000134,27.1000000000002,308.4131727218044,C2R004Q01
-26.616669999999694,27.30111000000029,199.9007685337034,C2R005Q01
-26.347699999999918,26.778499999999926,236.40153887755102,C2R006Q01
-26.412200000000094,26.79680000000005,225.10354924161092,C2R007Q01
-26.765099999999848,27.684199999999866,201.92754990384626,C2R008H01
-26.76555999999991,27.684720000000112,209.88699985714268,C2R008Q01
-26.67483,26.58461,293.04084900000004,C2SKOO-HARTB
-26.426890000000004,26.735940000000006,313.49582200000003,C2SKOO-RIETS
-26.9347,26.6646,272.1963405,C2SKOO-URANI
-26.31178,26.83761,282.763648,C2SKOO-VENTE
-26.737360000000002,26.58560999999998,267.23195384615383,C2SKOO-WITPO
-26.90142,27.44628,229.290846,C2VAAL-PARYS
-26.93610999999999,26.85082999999998,230.75264965714283,C2VAAL-VERMA
-27.573060000000194,24.746390000000133,214.8733275288271,C3H003Q01
-26.618,25.576829999999994,282.218294117647,C3H006
-27.902780000000273,24.615559999999707,362.5188545224213,C3H007
-27.607780000000016,24.614170000000044,451.4410191604938,C3H010Q01
-27.658609999999964,24.088889999999996,310.34253404255315,C3H012
-28.162499999999824,24.471110000000056,310.49905202952505,C3H013Q01
-27.17444,25.33667,127.9854,C3H014Q01
-28.376940000000086,24.30306000000012,402.2312062700731,C3H016Q01
-27.471669999999964,24.93083000000001,126.10446176470586,C3H017Q01
-27.54131,24.79161,123.763547,C3HART-HOSPI
-27.69617,24.677,246.613077,C3HART-MOTSW
-27.78686,24.70558,344.157761,C3HART-PAMPI
-26.247940000000003,26.07892,30.739844999999995,C3HART-RIETF
-27.572920000000003,24.744609999999984,225.62827713725486,C3HART-SUNTA
-27.54053,24.82478,108.10376549999998,C3HART-TOLGA
-27.1734,25.3379,73.238529,C3R001A01
-27.17299999999994,25.33759999999994,127.8400666666667,C3R001Q01
-28.123200000000313,24.502000000000297,342.1111516028368,C3R002Q01
-28.123889999999992,24.50139000000001,280.6689692307693,C3R002Q02
-26.56749999999993,25.598890000000022,206.31104476455025,C3R003Q01
-27.525799999999712,24.853699999999744,102.23630189907026,C3R006Q01
-27.695390000000003,24.59683,420.54477699999984,C3UNSP-THOME
-28.113060000000008,26.909170000000007,147.170916,C4H003
-27.935000000000425,26.126670000000374,134.76088693163277,C4H004Q01
-27.84166999999996,25.899999999999757,113.83377906885758,C4H005Q01
-28.28778000000003,27.145829999999993,62.15560806024097,C4H007Q01
-28.28778,27.145829999999997,78.61012225000002,C4H008Q01
-28.510490000000026,26.77683000000002,63.70224635509139,C4H009Q01
-28.507500000000018,26.777219999999982,48.060587178571424,C4H010Q01
-28.09944,26.458610000000004,81.8278,C4H014R01
-28.099440000000012,26.458610000000004,82.70900769230768,C4H014S01
-28.14193999999998,26.41778000000009,165.04333777272717,C4H015Q01
-28.117500000000124,26.71943999999993,331.9641138652039,C4H016
-28.116670000000084,26.72527999999997,324.73406769377976,C4H017Q01
-28.091940000000047,26.805559999999858,364.2083232267206,C4H018Q01
-28.48111,26.701390000000004,237.73057200000002,C4H019Q01
-28.233330000000016,27.085829999999994,125.82667611764708,C4H020Q01
-28.61875999999998,27.01681000000004,110.54343261956521,C4H021
-28.318890000000007,27.490830000000017,105.1423704468085,C4H022Q01
-28.712329999999984,26.95916000000003,121.63724356666665,C4H023
-28.120279999999998,26.58582999999999,330.03911530769227,C4H024Q01
-28.113489999999974,26.908599999999982,260.4820539705883,C4H025Q01
-28.288799999999952,27.146500000000177,65.04336167991005,C4R001Q01
-28.51109999999977,26.778500000000275,66.0292876980593,C4R002Q01
-29.160280000000053,26.573329999999608,143.25839669331603,C5H003Q01
-28.984719999999996,26.341940000000008,152.25075155555555,C5H006Q01
-29.144440000000024,26.31805999999972,169.68852456521748,C5H007Q01
-29.81222000000001,26.21222,85.07057647058825,C5H008Q01
-29.90222,26.214999999999993,92.73688333333331,C5H009Q01
-29.658059999999928,25.97332999999987,181.04675362641532,C5H012Q01
-29.042219999999748,24.600000000000232,153.24141945046742,C5H014
-28.807499999999948,26.112219999999983,128.60002083333328,C5H015Q01
-28.959999999999564,24.242500000000188,288.71547035363784,C5H016Q01
-29.04333000000027,24.64083000000014,242.0236974760766,C5H018Q01
-30.03833,25.77860999999994,226.47542767295593,C5H020Q01
-29.66832999999998,26.247780000000045,233.09763523741012,C5H021Q01
-29.285559999999982,26.92194000000008,172.744116,C5H022Q01
-29.286110000000004,26.76416999999995,111.78062457251913,C5H023Q01
-29.12332999999997,26.280829999999987,132.7758396226415,C5H025Q01
-29.08028,26.593330000000005,64.35091666666666,C5H026Q01
-29.161390000000004,26.5975,94.80869999999999,C5H027Q01
-29.28417,26.81306,66.18278,C5H028Q01
-29.24278,26.671940000000006,103.08968333333333,C5H029Q01
-29.14055999999986,24.756670000000117,83.74568881674202,C5H030Q01
-29.028630000000287,24.638390000000065,152.8182614783363,C5H035Q01
-29.27083,26.61667000000001,107.830822,C5H037Q01
-28.883330000000353,25.95028,151.40690576400877,C5H039Q01
-29.49694000000046,25.22139000000019,159.38306689716305,C5H040Q01
-29.033329999999648,23.983329999999498,320.7346193499376,C5H048Q01
-29.47222,25.206670000000006,202.051786,C5H049
-29.30278,26.84889,75.631407,C5H050
-29.146939999999997,24.734720000000014,105.7720406744186,C5H051R01
-29.14693999999999,24.734720000000017,160.770224902439,C5H051S01
-29.02806,26.40778,90.2902,C5H052S01
-28.94910999999968,26.320990000000137,171.6027080555555,C5H053Q01
-28.966669999999827,26.333060000000316,191.60344410357806,C5H054Q01
-29.62417000000003,26.71667000000002,84.06260322916664,C5H055
-29.37555999999996,26.665559999999967,134.6066998734177,C5H056
-29.42166999999979,26.13638999999974,95.82447210546884,C5R001Q01
-29.495900000000212,25.222299999999837,150.04302336771298,C5R002Q01
-29.27130000000027,26.6160999999996,98.81414464626678,C5R003Q01
-28.883330000000214,25.95610999999968,142.57839549730696,C5R004Q01
-29.302780000000414,26.848889999999955,85.93232387824892,C5R005Q01
-29.029169999999898,26.408330000000173,108.20026933276742,C5R006Q01
-29.050559999999773,26.461670000000204,114.1905140400001,C5R007Q01
-27.44138999999996,26.986389999999496,146.1571394836449,C6H001Q01
-27.398610000000172,26.614720000000386,182.66394584296742,C6H002Q01
-27.399999999999746,26.62471999999983,171.5483654028021,C6H003Q01
-27.936110000000067,27.996389999999924,102.39485118548384,C6H004Q01
-27.475280000000073,26.658609999999967,190.2741317592592,C6H006
-27.671109999999583,27.23693999999974,107.25308851616255,C6H007Q01
-27.610829999999996,27.10167000000001,199.650948,C6H008
-27.87194,27.91528,168.04266466666664,C6H009
-27.67083,27.23333,53.0786,C6R001Q01
-27.702529999999843,27.302189999999925,111.11226013975578,C6R002Q01
-27.265280000000025,27.172780000000042,134.6125792089552,C7H001
-27.35667000000008,27.28639000000015,46.873834048780466,C7H003Q01
-27.123330000000003,27.10917,76.87514999999999,C7H005Q01
-27.044440000000108,27.00499999999992,99.08959932321896,C7H006Q01
-27.2580600000001,27.674170000000103,126.41647141984734,C7H007Q01
-27.25860999999999,27.672779999999992,145.6599375,C7H013Q01
-27.25671999999988,27.672699999999747,121.89786746506554,C7R001Q01
-27.226000000000024,27.51510000000001,120.79817388461538,C7R002Q01
-27.22167,27.570280000000007,64.13491624999999,C7R003Q01
-27.273889999999476,28.48999999999996,65.9380194860935,C8H001Q01
-28.27028000000001,29.11167,28.730307066666665,C8H002Q01
-27.84500000000029,28.9622200000004,105.25442763152508,C8H003Q01
-27.70000000000051,28.321670000000406,79.96838357702123,C8H004Q01
-28.37556000000034,28.861669999999357,76.64871030443159,C8H005Q01
-28.29583000000002,28.805559999999904,116.29455481481487,C8H006Q01
-28.19056,28.34416999999996,123.14914661016948,C8H007Q01
-28.541389999999986,29.083330000000014,29.436662962962963,C8H008
-28.05361000000021,28.49250000000021,111.65994985355023,C8H009Q01
-28.35222000000023,29.09000000000012,50.695895173553694,C8H010Q01
-28.160830000000526,28.874719999999815,98.00813554188281,C8H011
-28.08360999999981,28.838330000000038,104.19390787058822,C8H012Q01
-28.10721999999991,28.783889999999957,98.90415643710696,C8H013Q01
-27.814440000000086,28.78333000000014,69.61233058823521,C8H014Q01
-28.30721999999998,29.131390000000007,26.766418644067798,C8H015Q01
-27.25777999999994,28.406669999999956,107.79795298013242,C8H016Q01
-27.128889999999966,28.283890000000028,68.71486172839508,C8H017Q01
-27.651390000000216,28.868610000000178,145.6689145786516,C8H018Q01
-27.689170000000274,28.37832999999963,55.23294949882073,C8H020Q01
-27.30583000000001,28.485830000000004,72.80196153846154,C8H021Q01
-27.29888999999972,28.49611000000004,52.816652245152305,C8H022Q01
-28.025559999999132,28.99750000000048,72.5309017437874,C8H023Q01
-28.07528000000001,28.700000000000003,53.45192727272727,C8H024Q01
-28.131940000000075,28.762220000000042,91.58556982051283,C8H025Q01
-27.427500000000695,28.525829999999388,76.24917268890759,C8H026Q01
-27.29999999999981,28.586940000000446,84.17150733107081,C8H027Q01
-27.80278000000049,28.76832999999994,78.30373007985263,C8H028Q01
-27.29389,28.48889,58.123372,C8H030
-28.387890000000343,29.01523000000053,42.02044502068967,C8H032Q01
-28.43778000000017,28.398059999999894,38.712566416666675,C8H036Q01
-27.795830000000016,28.317779999999985,38.05073748148148,C8H037
-28.667779999999997,28.854439999999983,92.64064867741936,C8H038
-28.58893,28.938070000000003,12.798423652173913,C8R002A01
-28.380000000000003,29.009999999999998,34.448984499999995,C8R003A01
-28.387219999999953,29.016670000000197,31.50777210689655,C8R003Q01
-28.387220000000006,29.016669999999987,40.78423333333334,C8R003Q02
-28.38722000000001,29.016669999999994,41.38775,C8R003Q03
-28.387220000000006,29.016669999999987,40.52478500000001,C8R003Q04
-28.38722000000001,29.01666999999999,39.76885,C8R003Q05
-28.217499999999717,28.363499999999686,63.98418715287965,C8R004Q01
-28.250599999999732,28.308400000000034,82.4093222512001,C8R005Q01
-28.280280000000253,28.292499999999713,70.67100913594467,C8R006Q01
-28.51620000000002,29.063499999999983,32.67248764705882,C8R007Q01
-28.672250000000005,28.857509999999998,37.651654388888886,C8R008
-28.513060000000003,24.697499999999998,201.6901777777778,C9H003Q01
-27.65417,25.59389,190.32794,C9H006
-29.043329999999976,23.837219999999927,195.09813076923086,C9H007Q01
-28.114170000000435,24.915279999999967,169.86893742787882,C9H008
-28.51583000000021,24.601109999999704,171.28189029831395,C9H009Q01
-28.405829999999785,24.271670000000075,207.60037092775033,C9H010
-29.04917,23.769720000000003,380.2972152142857,C9H011Q01
-28.41249999999998,24.26666999999998,235.41608610559018,C9H012R01
-28.412499999999984,24.26666999999998,232.25199018404896,C9H012S01
-28.183889999999998,23.39806,131.6985,C9H014Q01
-28.1875,23.548330000000007,192.21551366666668,C9H015Q01
-29.045330000000543,23.83592000000021,203.73978808323946,C9H017Q01
-28.115279999999988,24.925830000000094,181.8731127049608,C9H018Q01
-29.04331000000005,23.8322399999998,213.12195794653033,C9H019Q01
-28.115279999999988,24.92582999999999,165.18445283018875,C9H020
-27.654890000000005,25.596160000000413,178.6559956375546,C9H021Q01
-28.70416999999998,24.075000000000014,238.0916942150538,C9H023
-28.711500000000054,24.072890000000026,234.19068697156385,C9H024Q01
-29.047190000000008,23.83848000000022,90.90633951366897,C9H025Q01
-28.115280000000887,24.92583000000012,160.9071011669521,C9R001Q01
-28.11528,24.92583,114.04013333333332,C9R001Q03
-27.669170000000346,25.61806000000047,177.1061049381787,C9R002Q01
-27.704999999999945,25.65299999999999,189.66896037735847,C9R002Q02
-27.71600000000013,25.715000000000096,204.22500245614023,C9R002Q03
-27.767000000000035,25.768000000000022,126.51123499999999,C9R002Q04
-27.66917,25.61806000000001,123.5498743589744,C9R002Q05
-27.66917000000003,25.618059999999915,150.16026499999992,C9R002Q06
-27.669170000000005,25.61806000000001,226.65713571428574,C9R002Q07
-27.6191799999999,25.71413000000007,235.8093754863813,C9R002Q08
-27.56599999999987,25.82800000000019,217.88908448844882,C9R002Q09
-27.669169999999966,25.618060000000003,159.00830975609753,C9R002Q11
-27.619999999999933,25.890000000000008,208.49175400000004,C9R002Q13
-27.66917,25.618059999999957,239.62806730769233,C9R002Q14
-27.669169999999955,25.61806000000001,251.78409411764702,C9R002Q15
-29.043330000000378,23.836940000000375,214.73717197094282,C9R003Q01
-30.7,26.70611,217.7052,D1E001
-31.000830000000573,26.35306000000018,245.22700108283345,D1H001Q01
-30.67972000000008,26.71250000000064,80.12190054749043,D1H003Q01
-30.046939999999996,28.507219999999993,75.10599487500001,D1H005Q01
-30.160280000000053,27.401669999999626,84.48662410067114,D1H006Q01
-30.726940000000006,26.782779999999995,113.81141585365857,D1H007Q01
-30.33611000000017,27.359440000000152,74.88993523513518,D1H009Q01
-31.406669999999945,26.36832999999993,209.2215565573771,D1H010Q01
-30.830560000000013,26.921389999999857,104.57351531535942,D1H011Q01
-30.016669999999998,28.71667,44.396,D1H021Q01
-29.550000000000004,28.150000000000002,55.6623,D1H022Q01
-29.41667,27.9,34.393,D1H024Q01
-30.36389,27.575,78.297895,D1H031
-29.533330000000085,28.15000000000006,42.507161038759705,D1H032Q01
-29.48505999999998,28.644440000000028,58.54802992741934,D1H033Q01
-30.16389,27.39583,120.16884999999999,D1H034Q01
-30.06185999999999,28.509750000000004,77.3500133580247,D1H035Q01
-30.636670000000024,27.369169999999983,70.38652912328764,D1R001Q01
-29.34,28.51,33.026808333333335,D1R002A01
-29.4556,28.0981,30.797174,D1R003
-29.71527999999993,26.98333000000002,91.61248545454549,D2H001Q01
-29.68333,27.45,89.3965,D2H007Q01
-28.73056,28.41,75.5026,D2H008Q01
-29.29777999999993,27.485279999999932,79.95045482456139,D2H011Q01
-28.69484999999989,28.234870000000193,141.55301659829072,D2H012
-29.30167,27.487779999999965,69.57299651162793,D2H020Q01
-29.915329999999887,26.84558000000008,80.75021078125,D2H021R01
-29.91532999999989,26.845580000000076,90.19231229787236,D2H021S01
-29.615560000000063,27.06527999999994,96.9865051065574,D2H022Q01
-30.05222000000002,27.028609999999947,82.65755217391307,D2H024Q01
-29.36389000000003,27.13166999999999,69.72045172413793,D2H025Q01
-29.36389,27.13167,109.9256,D2H026Q01
-29.77917000000002,26.88944,102.50656046511631,D2H028Q01
-29.92556,26.860000000000003,132.49813699999999,D2H033
-28.88056,27.83500000000002,142.42541514814815,D2H034
-28.883330000000075,27.889999999999947,87.83906170895523,D2H035Q01
-30.279169999999848,26.65416999999985,98.05999141914191,D2H036Q01
-29.609169999999814,27.065559999999586,89.38880022953735,D2H037Q01
-28.69,28.229999999999997,113.83520442857143,D2H039
-30.052219999999746,27.028609999999986,78.50483515094338,D2R001Q01
-29.364099999999972,27.129000000000005,67.83491213554215,D2R002Q01
-29.908890000000056,26.86056000000005,65.90495655737709,D2R004K01
-29.90889000000017,26.860559999999776,89.44983772888895,D2R004Q01
-29.781299999999895,26.8891599999999,92.6135453150685,D2R006Q01
-30.536940000000005,25.985829999999996,90.9383825,D3H002Q01
-30.621110000000037,25.464440000000064,68.10595076923076,D3H004Q01
-29.16167000000055,23.69639000000009,85.51157974767222,D3H008Q01
-30.690559999999998,25.763609999999982,61.8545619047619,D3H010Q01
-30.53278,26.02611000000001,58.14307407407406,D3H011Q01
-29.991110000000315,24.724439999999962,74.23570509982787,D3H012Q01
-30.583890000000878,25.419720000000698,69.65168234048028,D3H013Q01
-30.53417000000024,24.96193999999991,248.96177825298338,D3H015Q01
-30.626439999999995,25.486939999999887,69.75574686503062,D3H017R01
-30.626500000000018,25.486859999999986,79.63393895882352,D3H017S01
-29.15290000000002,23.701999999999998,97.88773358333333,D3H019Q01
-30.62638999999995,25.507219999999975,66.14897083333335,D3H022Q01
-29.986899999999917,24.72224000000005,74.65337874539881,D3H024Q01
-29.89,24.7,65.747881,D3H034
-29.90677,24.70137,83.93909000000001,D3H035
-30.487779999999958,25.973890000000083,213.49807007299276,D3R001Q01
-30.623060000000237,25.507219999999844,71.8032809550989,D3R002Q01
-30.623059999999935,25.507219999999972,67.99072168817203,D3R002Q02
-30.62305999999993,25.507219999999972,69.34806060606063,D3R002Q03
-29.99099999999999,24.73209999999984,79.77372615991905,D3R003Q01
-25.85053,25.64964,158.41903,D4E003
-25.916109999999996,25.861110000000025,269.5778104146342,D4H004Q01
-27.45805999999998,23.436940000000032,178.17844920588234,D4H005Q01
-27.452220000000008,23.46055999999999,229.92730869565213,D4H006Q01
-27.49917000000004,23.687219999999908,304.00870754970754,D4H007Q01
-27.66083000000001,23.56916999999999,320.27677094805193,D4H008Q01
-27.681109999999993,23.603059999999957,280.65295307272726,D4H009Q01
-27.392779999999973,23.799999999999976,274.40764736842107,D4H010Q01
-27.08555999999999,23.07528,434.0970384615385,D4H011Q01
-25.86389,25.55778,299.6828897500001,D4H012
-25.863890000000048,25.55778000000005,286.5625065865384,D4H012Q01
-25.85444000000003,25.86916999999998,325.77057283333335,D4H013Q01
-25.881390000000007,26.020559999999982,221.7440237971014,D4H014Q01
-25.823060000000027,25.966670000000015,289.9545083333333,D4H016
-25.855829999999987,25.874170000000024,309.7060744680851,D4H017Q01
-26.062220000000014,25.860560000000007,298.85285454545453,D4H019Q01
-27.726670000000006,22.988330000000005,337.67564736842104,D4H021Q01
-25.875,25.691670000000062,246.58084200000008,D4H022R01
-25.875,25.69167000000006,261.3638095238095,D4H022S01
-25.868329999999908,25.654169999999915,306.0699360821919,D4H026Q01
-25.877189999999818,25.60002999999975,315.170179659664,D4H037Q01
-25.85360999999997,25.511940000000013,276.34733040384623,D4H039R01
-25.85361,25.511939999999996,238.11169006666665,D4H039S01
-25.85117,25.80908,444.179268,D4MOLO-BUHRM
-25.874360000000003,25.624559999999995,355.14959439999996,D4MOLO-LOMAN
-25.87494,25.63994,330.55881516666665,D4MOLO-MAFIK
-25.85936,25.449720000000006,303.73526775,D4MOLO-MODIM
-27.11381,23.91939,432.67276399999986,D4MOSH-SETHA
-27.3025,20.09583,79.90475,D4R002Q01
-25.823889999999754,25.31472000000019,205.48919226219527,D4R003Q01
-25.8567399999996,25.509340000000243,246.0133450580963,D4R004Q01
-31.806670000000004,20.35861,194.15091999999999,D5H003Q01
-31.65055999999999,21.765559999999997,88.45873749999998,D5H004Q01
-31.815280000000026,20.57861000000002,182.53883008695652,D5H011Q01
-31.36611,21.32278,114.372,D5H013Q01
-30.57167,20.45111,90.76509999999999,D5H014Q01
-31.76667,20.8025,145.53699999999995,D5H015Q01
-30.474440000000005,20.519720000000003,130.82114375,D5H016Q01
-31.43694000000003,20.474720000000016,173.28234590909094,D5H017Q01
-31.353609999999957,20.892780000000002,164.7954773584906,D5H018Q01
-31.652219999999964,21.768890000000024,154.23476504444446,D5H019Q01
-31.394440000000028,20.947220000000012,192.48130493478263,D5H021Q01
-29.40000000000001,21.206109999999992,110.90680954545452,D5R001Q01
-30.611669999999997,23.3,148.53186,D6H004Q01
-31.4012,23.0984,237.94936666666663,D6R001Q01
-30.612399999999994,23.299199999999992,213.97708235294112,D6R002Q01
-29.651390000000333,22.74639000000011,94.62675914058946,D7H002Q01
-28.75527999999996,20.621110000000034,108.96441157024795,D7H003Q01
-28.61806000000001,21.092779999999966,101.54393999999995,D7H004Q01
-28.46082999999999,21.248890000000014,117.39006405122493,D7H005Q01
-29.029719999999855,22.187780000000174,105.34284764974612,D7H008Q01
-29.32778,22.31806,95.93245999999999,D7H009
-29.16222,23.58722,75.8005,D7H011Q01
-29.182499999999944,23.57556,112.70080202666674,D7H012Q01
-29.04221999999999,22.201939999999972,92.54196395348836,D7H013Q01
-28.768059999999966,20.72056000000005,122.78671018571424,D7H014Q01
-28.769169999999697,20.719719999999807,123.6942974248609,D7H015Q01
-28.76667000000036,20.71999999999994,125.0391522020408,D7H016Q01
-29.042220000000057,22.201939999999944,105.66223057826093,D7R001Q01
-28.56703,16.53269,119.221567,D8E003
-28.64111,20.42889,125.09599999999999,D8H002Q01
-28.76082999999948,17.730279999999837,134.14153934664233,D8H003Q01
-28.73555999999969,19.306110000000015,123.12190457545616,D8H004Q01
-28.89693999999998,18.237779999999994,101.22477751724138,D8H005Q01
-28.100830000000016,16.883329999999997,107.19808703703701,D8H006Q01
-28.486109999999933,16.695560000000064,120.1205327808219,D8H007Q01
-28.963619999999963,19.15486000000014,135.79416875623264,D8H008Q01
-28.566109999999938,16.508060000000086,151.3924905783585,D8H012Q01
-32.35667,19.09083,4.3895,E100/01A1
-32.2115599999999,18.936759999999946,7.353379620437953,E1H006
-31.995230000000184,18.786599999999936,19.83958254545455,E1H007
-32.18472,18.875,16.511266666666668,E1H008Q01
-32.18472000000008,18.875,14.866891665454542,E1H011Q01
-32.59583000000011,19.00943999999996,13.623179943396226,E1H013Q01
-32.18,18.87,13.080027999999999,E1H016
-33.088829999999994,19.218780000000006,9.052430179487178,E1H018
-31.995999999999842,18.786449999999878,21.365859066091947,E1R001
-32.184720000000134,18.875,14.940917225941421,E1R002Q01
-32.475559999999994,19.16028,11.485974,E201/05A1
-32.44444,19.17333,4.3895,E201/06
-32.79278,19.2425,25.997345000000003,E201/09A1
-32.50278,19.53582999999988,19.06588455115512,E2H002Q01
-31.860279999999992,18.6875,36.46291333333333,E2H003Q01
-33.14861,19.37361,17.13525,E2H006Q01
-32.78055999999966,19.28471999999983,31.293582822612077,E2H007Q01
-33.295879999999855,19.635779999999972,85.80833693599999,E2H009
-33.11527999999999,19.39249999999996,202.37731649999992,E2H010Q01
-32.44607,18.96002,26.982016999999995,EWR1
-31.96623,18.74105,29.25733333333333,EWR2
-32.36267,19.043630000000004,6.0979106666666665,EWR3
-32.6592,19.39643,13.620234333333334,EWR6
-26.09671,27.71932,367.13826666666665,F6S7
-25.531900000000004,28.069899999999997,44.712539875000004,ISG2
-26.46667,29.16667,324.2595,KM3
-26.48,29.06861,443.16182000000003,KM4
-26.465,29.07333,384.23382,KM5
-26.45806,29.087500000000002,244.68645333333336,KM6
-23.935,31.484440000000006,184.07478100000003,KNP1
-24.37975,30.665899999999997,217.24617125,L1
-24.405120000000007,30.798209999999997,151.04276016666665,L10
-24.443119999999997,30.59663,177.58858633333332,L11
-24.43748000000001,30.619469999999986,186.02961442857142,L12
-24.45921,30.60978,267.419497625,L13
-24.728180000000005,30.57359000000001,146.12314268421053,L14
-24.867650000000012,30.56852,79.77116763157895,L15
-24.888969999999993,30.751899999999992,163.98091617647057,L16
-24.905030000000004,30.74586,95.19346061904763,L17
-24.886399999999995,30.762080000000008,115.22758294117646,L18
-25.00903,30.49958,85.23390373684211,L19
-24.183330000000005,30.815069999999995,98.46231037499999,L2
-24.308799999999998,29.563420000000004,340.67194109090906,L20
-24.537100000000006,29.586070000000003,186.61896581249997,L21
-24.779879999999995,29.42618,233.0183263684211,L22
-24.4385,29.74584,205.98809199999997,L23
-24.49894,29.569250000000007,231.16578972727274,L24
-24.259959999999996,29.805569999999992,279.4284492,L25
-24.40697,30.08049,406.66774200000003,L26
-24.659370000000003,30.301859999999998,279.39571450000005,L27
-24.665,30.334250000000004,376.9314614000001,L28
-24.84295,30.086850000000005,289.3966558999999,L29
-23.977589999999996,31.073710000000002,182.47871,L3
-24.962280000000003,29.95522,114.6570566875,L30
-25.09155,29.86389000000001,282.3594483333333,L31
-24.908970000000004,30.1055,256.61027911111114,L32
-24.4965,30.399,80.49292549999998,L33
-25.066059999999997,30.442,135.055328375,L34
-25.06916999999999,30.434999999999985,117.64827079166668,L35
-25.172419999999992,30.371760000000002,107.9342865882353,L36
-25.223619999999997,30.303389999999993,190.90049406666668,L37
-24.71888,30.19964,308.055079,L38
-25.41807,30.09028,42.747607499999994,L39
-24.03795,31.133309999999998,328.3544245,L4
-25.595920000000003,30.0704,63.6220852,L40
-25.69175,30.0123,116.29965699999998,L41
-25.43205,29.856530000000006,221.53932193333335,L42
-25.39895999999999,29.825659999999985,112.56050837500001,L43
-25.357480000000006,29.86707000000001,130.41066252941178,L44
-24.718999999999998,30.199009999999994,257.6969242222222,L45
-24.71795,30.200740000000003,261.9937657777778,L46
-25.18818,29.93259,217.91214875,L47
-25.18764,29.9325,212.77934900000002,L48
-25.188870000000005,29.931940000000004,217.17797420000002,L49
-23.93084,31.097140000000003,202.42612175,L5
-24.74122,29.78572,112.89513333333333,L50
-24.77472,29.80806,123.9010495,L51
-24.0085,31.08189,140.997516,L54
-24.069079999999992,31.145280000000003,165.5973857368421,L55
-24.30392,30.181030000000003,227.17851033333332,L56
-23.88592,31.07282,202.57085250000003,L6
-24.88611,30.75167,89.76223333333333,L61
-24.66544,30.33958,191.0432,L62
-23.95649,31.046849999999996,203.05654433333333,L7
-24.66011,30.33681,343.4556,L74
-24.58847,30.34858,192.7698,L75
-24.92828,30.108190000000004,248.9633225,L77
-24.931609999999996,29.96575,122.8131023333333,L79
-24.184570000000004,30.826160000000012,185.93220481818182,L8
-25.02669,29.86017,156.4069,L80
-24.595,30.768829999999998,224.91898966666668,L82
-24.58819,30.77275,266.18076600000006,L83
-24.542399999999994,31.03523000000001,36.38615693333334,L9
-26.210559999999994,28.478330000000017,222.4991750952381,LM2
-26.61389,29.02472,184.81465633333332,LM3
-26.471110000000003,28.99889000000001,231.31059199999999,LM4
-26.50167,29.01556,314.97508,LM5
-26.8306,27.82060000000001,305.01702003773585,LTS1
-26.835829999999998,27.87917,226.19038333333336,LTS10
-26.844440000000006,27.871669999999998,158.23336875,LTS11
-26.83582999999999,27.879440000000006,213.73079242307693,LTS12
-26.409719999999997,28.098610000000004,192.26451323076918,LTS13
-26.80944,27.87944,333.4120666666667,LTS14
-26.80944,27.879720000000006,271.8173388888889,LTS15
-26.801670000000026,27.868889999999986,258.9074868285715,LTS16
-26.808890000000012,27.879440000000017,245.42862411428572,LTS17
-26.82749999999999,27.896110000000014,231.98008028571422,LTS18
-26.81861,27.8575,281.59397100000007,LTS2
-26.82306000000002,27.93361000000001,164.40674642857144,LTS20
-26.38,27.508609999999983,183.97540312499993,LTS21
-26.90638999999999,27.89972,120.10945833333334,LTS22
-26.83056,27.82056,110.21727138095237,LTS25
-26.926109999999998,27.919719999999998,116.48786249999999,LTS26
-26.79917,28.9075,0.33425,LTS28
-26.819719999999997,27.85750000000001,300.0876964285714,LTS3
-26.848889999999994,27.65722000000001,129.34409825,LTS30
-26.802500000000006,27.869999999999997,242.02671052631587,LTS8
-26.835559999999994,27.878890000000006,235.77414999999996,LTS9
-25.8695,27.6149,162.244046,MGR1
-28.548019999999987,19.553220000000007,276.81945684000004,RP1
-28.547500000000007,19.55277999999999,266.97751516666665,RP3
-26.157080000000004,28.673390000000005,120.71733042857143,S1
-26.080809999999992,28.71061,176.11437928571428,S10
-26.09625,28.714440000000007,170.4165518333333,S11
-26.09599,28.71516,180.82145566666665,S12
-26.09562,28.714650000000002,168.83638499999998,S13
-26.10633000000001,28.705860000000012,122.62062146153848,S14
-26.106029999999997,28.707330000000006,196.0801258,S15
-26.107830000000003,28.678670000000004,31.056386714285715,S16
-26.108999999999998,28.69686,108.33265899999999,S17
-29.16578000000001,24.705190000000012,112.62884799999996,S2
-26.178080000000005,28.701999999999998,165.690271,S21
-26.13597,28.70111,220.04853350000002,S3
-26.13872000000001,28.685920000000007,271.1064337692307,S4
-28.483709999999984,26.70030999999999,180.651488,S477
-26.13772,28.68660999999999,200.96800292857145,S5
-26.138359999999995,28.689000000000004,192.85830246153847,S8
-26.120720000000002,28.70522,202.097164,S9
-25.53522,27.67636,304.622375,SD1
-25.607500000000005,28.006399999999996,231.40565980000002,SR4
-25.5531,28.0115,130.03948300000002,SR5
-25.5757,28.0482,85.56343749999999,SSW1
-26.0902,27.720199999999995,335.90683333333334,TLS1
-27.79806000000003,28.98889000000004,77.96435974025974,V3H021R03
-26.68056000000001,27.93832999999997,234.6497104324324,VRB10
-26.70471999999998,27.923329999999986,325.9459712571428,VRB11
-26.70860999999999,27.898610000000012,220.42527967777767,VRB12
-26.74611000000003,27.87750000000004,220.77250191011228,VRB13
-26.753330000000002,27.87471999999998,194.69869207777774,VRB14
-26.74861000000005,27.871669999999998,221.02801878260865,VRB15
-26.75,27.82666999999996,212.96672792307692,VRB16
-26.747220000000013,27.796670000000006,194.22369769230772,VRB17
-26.786939999999973,27.768610000000038,213.00507317045458,VRB18
-26.78944000000001,27.779169999999976,196.65087070329682,VRB19
-26.73129999999996,27.99229999999993,93.36098538709676,VRB2
-26.801899999999986,27.79899999999998,227.31678164062495,VRB20
-26.798610000000007,27.76666999999998,213.50654781318687,VRB21
-26.76666999999998,27.7375,224.36023566279073,VRB22
-26.76389,27.68499999999996,213.1018134842106,VRB23
-26.75,27.695560000000068,237.43739135869572,VRB24
-26.74555999999999,27.715560000000053,245.30977834042548,VRB25
-26.738610000000023,27.712500000000045,236.48138695652185,VRB26
-26.706670000000027,28.0,127.65675124444442,VRB3
-26.688059999999965,27.993059999999975,172.6597799885057,VRB4
-26.66460000000001,28.00410000000004,315.43836350000004,VRB5
-26.66943999999996,27.967499999999994,193.72920957500006,VRB6
-26.670560000000016,27.955279999999963,224.4178803116883,VRB7
-26.672219999999967,27.948889999999974,214.56893682758624,VRB8
-26.67443999999999,27.941939999999992,233.3110438765431,VRB9
-26.3625,30.10806000000002,62.78595692307694,VS1
-28.54955,24.53293,195.704222,VS18
-26.647220000000008,30.15166999999998,58.544479032258046,VS2
-26.755559999999996,29.543329999999987,186.8226284339623,VS2-3
-26.854170000000007,29.325280000000017,129.28761260344825,VS2-4
-26.778609999999997,29.92083000000002,56.10381582222222,VS3
-26.85472000000002,29.698059999999995,93.37908387272726,VS4
-26.49083,29.13028,175.567565,WH2
-26.49944,29.10583,132.01815285714287,WH5
-26.51583,29.15694,217.121715,WH7
-32.0663725,18.824767500000004,22.65434375,ZANDRUG
-25.23944,28.144170000000006,183.7316625,ZAPI-MAKP
-25.851390000000013,29.57500000000002,166.4375128205128,ZARLU01
-25.95528000000001,29.790560000000006,106.45823846153849,ZARST01
-30.299578297872376,27.109776595744698,205.02230638297868,ZASTRON
-25.866670000000006,29.183330000000005,202.38171,ZBBKP01
-25.96944,29.339999999999986,118.97946595744676,ZBKDH07
-26.03111000000001,29.399440000000016,205.5637363636364,ZBKDL01
-26.03110999999999,29.384720000000012,183.19889565217386,ZBKDL02
-26.03778,29.378330000000002,57.223749999999995,ZBKDL03
-26.000829999999997,29.35778000000001,166.94096086956517,ZBKDL04
-26.294720000000016,29.16306000000001,63.827193999999984,ZBLBL01
-25.836109999999998,29.21528,340.0269985,ZBLES-PIN
-24.9325,30.74694,38.686246000000004,ZBLYD-GFS
-26.04611,28.11389,250.9752,ZBMOD07
-26.079169999999984,29.688329999999976,100.40439729729728,ZBOBO02
-25.865829999999995,29.144720000000003,364.67769990909096,ZBRUG-DFT
-25.876670000000015,29.165559999999996,182.96987708333333,ZBSBR14
-25.762499999999992,29.135830000000002,104.92161052631579,ZBSFB06
-25.76306,29.14028,445.1041,ZBSFB07
-25.75806,29.149440000000016,235.1877736842105,ZBSFB08
-25.87111,29.145,148.2237,ZBSFB09
-25.870279999999998,29.151390000000006,388.33279999999996,ZBSFB10
-25.784169999999996,29.18444,348.2975,ZBSFB11
-25.77111,29.18667,484.6113,ZBSFB12
-25.75139,29.18583,419.62106666666665,ZBSFB13
-25.875,29.156109999999966,157.99958245614033,ZBSFB15
-25.87972,29.15389,323.7029799999999,ZBSSC16
-25.875560000000004,29.12916999999999,83.00754545454545,ZBSWM01
-25.866670000000003,29.140280000000004,258.9512454545454,ZBSWM02
-26.46556,27.36472,104.35524000000001,ZBUFFON
-25.91472,29.60639,264.0637497083333,ZCOWO01
-26.50889,27.380000000000003,255.705,ZDAMIN
-26.208890000000025,28.45416999999998,293.8895882352942,ZDILA-SAP
-29.04500000000001,23.83694,254.1637625,ZDOUG05
-29.04333,23.833059999999996,266.759575,ZDOUG12
-29.04111,23.841940000000005,89.35356666666667,ZDOUG13
-29.041940000000004,23.83889,217.29255,ZDWR01B
-29.03694,23.86194,338.585,ZDWR02B
-29.006940000000004,23.90306,334.6783,ZDWR06B
-28.998890000000006,23.915,228.7013,ZDWR07B
-28.99,23.94111,460.2353999999999,ZDWR08B
-29.00306,23.94389,354.3232,ZDWR09B
-28.97917,23.88306,304.5231,ZDWR10B
-28.96917,23.90972,249.5291,ZDWR12B
-28.975,23.935,240.8544,ZDWR13B
-28.96694,23.95528,243.9472,ZDWR14B
-28.951940000000004,23.99,274.3932,ZDWR15B
-28.915,23.965,211.1749,ZDWR16B
-28.90694,23.96,173.32799999999997,ZDWR17B
-25.89583,29.06528,204.25925,ZGSDR01
-25.90778,29.064169999999994,150.39678181818184,ZGSHL02
-25.939169999999997,29.083329999999997,19.94655,ZGSHL03
-26.136110000000006,29.72388999999999,95.61210769230772,ZHEST01
-26.538609999999977,28.330829999999995,167.04495797142852,ZHSW-BOS
-29.171940000000006,24.73333,109.13837500000001,ZJAC001
-29.141139999999986,24.768919999999994,277.41303200000004,ZJAC002
-29.02694,24.64194,70.96804285714285,ZJAC003
-29.13111,24.737220000000004,279.54963,ZJAC008
-29.09694000000001,24.691939999999995,211.31958888888892,ZJAC009
-29.09778,24.67111,203.6789777777778,ZJAC010
-29.01306,24.14,301.7199125,ZJAC014
-26.221940000000014,28.375279999999986,103.28465895652174,ZJANS-ANZ
-25.916669999999982,29.231939999999998,38.98017567567567,ZKFKF01
-25.95528000000001,29.79056000000001,162.06039210526313,ZKHST01
-25.76749999999999,29.12167,371.21394239999995,ZKLIP-HBS
-26.076669999999993,29.432780000000022,319.1094940000001,ZKOBD06
-26.07916999999998,29.430280000000018,158.42886956521735,ZKOBK07
-26.072499999999994,29.38860999999998,288.5947694444446,ZKOBS01
-26.066109999999988,29.48611000000002,110.80281851851856,ZKOBS02
-26.105279999999997,29.390559999999997,280.54601999999994,ZKOGH08
-25.945560000000015,29.651389999999996,170.61773869565218,ZKOGR05
-25.876669999999994,29.629440000000006,326.4617727692308,ZKOHA06
-26.101390000000006,29.386390000000002,345.2191370370371,ZKOHF09
-26.086940000000002,29.46416999999999,154.3077608695652,ZKOKI03
-26.081670000000027,29.470000000000024,332.9230302325581,ZKOKI04
-26.08333000000001,29.46777999999997,319.54976511627916,ZKOKI05
-26.146939999999983,29.753059999999998,130.63108947368423,ZKOVA01
-25.766669999999998,29.12194,318.02062727272727,ZKSHS01
-26.12111000000002,29.737219999999986,108.99498461538464,ZKWST01
-25.863609999999998,29.653330000000004,46.620194871794865,ZMOBO01
-25.131390000000003,27.965,177.36036249999998,ZMOR-RHEN
-25.93917,29.2,370.41627500000004,ZNPLA01
-25.938610000000008,29.258330000000022,128.5709088888889,ZNPNP03
-25.93972,29.775560000000024,184.01698663829782,ZNRRI02
-26.105000000000015,29.323329999999967,158.33266136363633,ZOLDV08
-26.100000000000016,29.30556000000001,186.13429666666664,ZOLDV11
-26.08306000000001,29.28832999999998,219.28432,ZOLDV12
-26.00778,29.25056,265.0611,ZOLDW13
-26.21667000000002,29.459170000000007,120.57356739130431,ZOLMK01
-26.13333,29.33333,97.1111,ZOLNC07
-26.085000000000015,29.32999999999999,324.03155333333336,ZOLSS09
-26.08972,29.325,434.80212,ZOLSS10
-26.16444000000001,29.394170000000027,114.32341836734693,ZOLTN02
-26.166109999999982,29.388609999999975,103.75147872340426,ZOLTN03
-26.16805999999999,29.345000000000024,165.6757565217391,ZOLTN04
-26.166669999999986,29.343060000000012,275.9552727272727,ZOLTN05
-26.13265000000001,29.339809999999964,119.42366599999995,ZOLTN06
-25.971109999999978,29.285280000000032,148.81003265306123,ZOLWD16
-25.93028000000002,29.306109999999993,137.44487083333334,ZOLWD17
-26.881390000000007,29.23333000000002,137.34957391304346,ZOLWD18
-25.40797,28.08225,399.97787999999997,ZOUTPAN
-25.3775,28.31806,151.17526249999997,ZPIE-KLIP
-25.158330000000003,28.212780000000002,144.36817499999998,ZPIE-KLP
-25.533330000000003,28.32556,148.73575,ZPIE-WALL
-25.21778,28.294720000000005,143.65937499999998,ZPIN-VAAL
-30.715560000000004,26.71471999999997,212.80719956410255,ZQMALI1
-25.351940000000006,29.06694,17.289323789473684,ZQMBEN1
-26.40417,27.175,476.66274000000004,ZQMBM34
-26.47917,27.15,324.63156,ZQMBM35
-26.025,27.5625,130.7376,ZQMBM36
-25.69583,26.00833,268.9425,ZQMBM37
-25.76667,25.991670000000006,266.5909,ZQMBM38
-25.66611,25.99639,266.01879999999994,ZQMBM39
-25.63333,25.99583,336.2365999999999,ZQMBM40
-25.54167,25.94583,252.1494,ZQMBM41
-25.72083,26.1375,235.5981,ZQMBM42
-25.91667,25.85833,310.2631,ZQMBM43
-25.85417,25.875,349.8642,ZQMBM44
-25.54583,25.94167,202.5666,ZQMBM45
-25.60417,25.991670000000006,297.5268,ZQMBM46
-27.936109999999992,24.403889999999997,328.6528125,ZQMBSO1
-32.40111000000001,19.1025,5.120597064516129,ZQMCED1
-32.74027999999999,19.035560000000007,16.36700579069767,ZQMCIT1
-32.058329999999984,18.889439999999993,61.207815333333336,ZQMCNW1
-27.890280000000004,25.19306,236.04541494117643,ZQMCTA2
-28.166359999999994,23.556810000000024,149.4473875666666,ZQMDAN1
-28.76778000000001,26.070000000000018,246.97797280645156,ZQMFBD1
-27.463330000000028,23.436940000000035,178.88378417977526,ZQMKUR1
-27.50278000000002,23.686389999999985,316.3410935128204,ZQMKUR2
-25.613060000000004,29.02972,101.7401835625,ZQMMAB1
-24.884720000000012,28.289440000000006,34.58489624324323,ZQMWBD1
-24.885829999999974,28.291669999999982,23.227864,ZQMWBD2
-25.96555999999999,29.787780000000012,129.57537948717945,ZRIRI01
-26.25,29.06971999999998,113.28786170212767,ZRSBS03
-26.20889000000002,29.09555999999998,117.52963265306123,ZRSBS04
-26.207220000000003,29.095000000000024,219.01562916666668,ZRSBS05
-26.25139000000001,29.19000000000002,243.51433846153853,ZRSKR01
-26.168329999999987,29.205830000000024,95.85110624999997,ZRSLP08
-26.186110000000014,29.189170000000026,99.44519999999999,ZRSNG07
-26.21249999999999,29.135829999999967,166.9714545454545,ZRSVF06
-26.251389999999986,29.16417000000001,171.05197800000002,ZRSVP02
-26.233330000000013,28.33333,93.66741963636363,ZSEW-DAV
-25.88528,29.01528,171.40366,ZSKDR01
-25.836389999999998,28.98972,139.12105454545454,ZSKGT04
-25.966669999999997,29.02694,96.12924285714287,ZSKRP02
-25.72889,29.06110999999999,11.033772727272726,ZSKSB03
-25.78778,29.665560000000006,68.44064615384615,ZSPHA01
-25.143330000000002,30.52833,21.8677,ZSSP-CHLY
-25.15389,30.55333,21.7497,ZSSP-DKLN
-25.16861,30.53278,18.1359,ZSSP-DRNH
-25.14,30.514169999999996,20.372133333333334,ZSSP-LODG
-25.14028,30.53667,19.90223333333333,ZSSP-MNEK
-25.125,30.50722,21.481033333333333,ZSSP-MROY
-25.12056,30.49222,28.875100000000003,ZSSP-PDAM
-25.14944,30.53667,18.97876666666667,ZSSP-RKAT
-30.506940000000004,25.12194,27.1351,ZSSP-WBKL
-26.30556000000001,29.274170000000005,231.4742909090909,ZSTAA06
-26.16778,29.2475,60.0054,ZSTDP03
-26.12111,29.24222,427.229325,ZSTKM05
-26.247779999999988,29.25306,76.55830000000002,ZSTKR02
-26.265830000000015,29.22639000000001,319.39818321428567,ZSTOV01
-26.061670000000017,29.25,251.85133030303035,ZSTPH08
-26.079169999999984,29.150830000000017,72.18835142857142,ZSWBM05
-26.06111000000001,29.19583000000003,159.1433489795918,ZSWPD06
-26.06528000000002,29.197499999999994,244.9824371428571,ZSWPX07
-26.08639000000001,29.11083000000001,48.28480212765959,ZSWSD04
-26.14444,29.15056,434.8128,ZSWSW03
-26.136939999999996,29.179440000000024,170.8778181818182,ZSWTS01
-26.134720000000012,29.176939999999995,124.120534,ZSWTS02
-26.475280000000016,29.22250000000001,185.18224222222221,ZTRTR02
-26.384720000000012,29.214999999999986,91.84349791666666,ZTRTR03
-26.88833,26.92778,261.11334999999997,ZVAAL-KNO
-27.33,26.45556,337.9497499999999,ZVAAL-KRA
-27.103709999999985,26.521529999999988,247.80960345161287,ZVAAL-REG
-26.93667,27.0575,253.57692500000002,ZVAAL-SKA
-26.945290000000007,26.780690000000003,306.10294,ZVAAL-VR8
-26.966110000000004,26.736110000000004,322.48704,ZVAAL-VR9
-26.934480000000004,26.800579999999997,232.53322116129036,ZVAAL-WCO
-26.34417000000001,29.212219999999963,193.93797058823526,ZVBDW03
-26.404999999999983,29.09555999999998,163.6835777777778,ZVBKR01
-26.416669999999996,29.131390000000007,204.76561041666662,ZVBKR02
-28.06389000000001,26.395829999999993,109.07999285714286,ZVET01
-25.984720000000014,29.73917000000003,49.61274358974359,ZVLBA04
-26.46861,27.36861,164.55304999999998,ZWEDSTR
-25.75056,28.95778,63.33106,ZWILG-REN
-26.036110000000004,29.619999999999994,178.8388105263158,ZWOBO03
-25.912500000000016,29.598060000000007,182.60115384615378,ZWONO02
-26.00666999999999,29.621669999999998,224.48529411764707,ZWOPU04
-26.028890000000022,29.58777999999999,229.3409692307692,ZWORO01
-25.93056,29.61861,365.08205000000004,ZWOWO06
-25.801390000000005,28.789720000000003,91.68436363636363,ZWRPD02
-26.00139000000001,29.676389999999998,46.120810526315815,ZZEZE01
