0,1,2,3,4,5,6,7,8,9,10,11,12,13,14,15,16,17,18,19,20,22,23,24,25,26,27,28,29,41,42,44,45,46
1,,0.38,,,0.54,0.62,,0.52,0.58,,0.58,,0.54,0.55,0.52,,0.48,0.44,,0.2,,,,,,0.13,,,,0.15,0.21,,
2,0.29,,,0.37,,0.5,0.52,,,,,,,,0.24,0.35,,,,,0.14,,0.15,,0.25,,,,0.07,0.07,,0.1,0.1
3,0.52,,0.41,0.43,0.62,0.72,0.88,0.82,0.91,0.99,0.98,0.95,0.95,0.92,0.66,0.33,0.42,0.4,0.24,0.24,,0.68,,,0.09,0.16,0.15,0.33,0.61,0.66,0.66,0.72,0.71
4,0.45,0.37,0.49,,0.68,0.59,,0.5,0.85,,0.4,0.57,0.66,0.38,0.33,0.17,0.16,0.33,0.26,0.19,0.22,,0.41,,0.22,0.18,,,0.11,0.15,0.14,0.16,
5,0.27,0.28,,,,0.44,,,0.6,0.56,0.22,0.48,0.27,,0.5,0.44,,0.19,,,0.18,0.2,0.41,0.15,0.15,0.18,0.18,0.18,0.21,0.25,,0.3,0.29
6,0.81,,,,,0.55,,,0.36,0.27,0.24,0.23,0.35,0.36,0.37,0.41,0.22,0.22,0.21,0.18,,0.37,,0.22,0.18,0.16,,,0.36,0.36,,0.3,0.27
7,,,,,,11.4,,,,,,,,6.5,7.18,3.08,8.25,3.1,3.16,3.66,3.52,,,,,,,,4.15,5.48,5.49,5.79,8.34
8,0.41,,,,,0.47,,,0.32,0.35,0.34,0.33,0.31,0.31,,0.31,0.31,0.27,0.27,0.2,0.2,0.2,0.17,0.15,0.16,0.15,0.17,0.18,0.25,0.17,0.25,0.25,0.41
9,0.84,,,0.39,,,0.43,,0.41,0.4,0.35,0.35,0.45,0.79,0.64,,0.19,0.19,0.15,0.15,0.23,0.16,0.13,0.13,,0.17,0.25,0.23,,,0.23,,
10,0.4,,,,,0.43,,,0.27,0.2,,,,0.22,,0.19,0.25,,0.26,0.21,0.19,0.22,0.21,0.18,0.16,,,,0.15,,0.16,0.18,
11,0.25,,,,,0.23,,,,0.14,0.07,0.05,0.03,,0.03,,,0.09,,,0.07,0.05,0.07,,,0.03,0.04,0.04,,0.04,,,
12,0.13,,,,,0.06,,,0.33,0.38,,,,,,,,,,,,0.19,,,0.41,,,,,0.18,,,
13,0.27,0.15,0.15,0.09,0.04,0.43,0.05,0.05,0.05,,0.07,0.07,0.07,,0.27,0.32,,,,,0.25,,0.25,0.25,0.25,0.25,0.26,0.26,0.23,0.22,,0.16,0.3
14,0.14,,,,0.18,0.04,,0.21,0.14,0.24,0.19,0.24,0.24,0.24,0.27,0.28,0.28,0.31,0.28,0.26,,0.2,,0.28,0.26,0.29,,,0.25,0.27,0.31,0.26,0.24
15,0.26,0.15,,,,0.2,,0.18,,,0.47,0.46,0.27,0.23,,0.24,0.26,0.33,0.37,0.43,0.72,,0.41,0.11,0.27,0.43,0.46,0.53,0.4,0.46,0.33,0.81,
16,0.17,,,,,,,,0.28,0.27,0.25,0.27,0.2,0.23,0.23,,0.27,0.22,0.23,0.27,0.34,0.34,0.36,0.36,,0.38,0.36,0.42,,,0.37,,
17,0.42,,1.71,1.81,,0.33,1.65,,,1.9,,,,,0.59,0.46,,0.36,,,,,,0.9,2.43,,0.89,0.41,0.53,,,0.5,0.93
18,0.16,,,,,0.16,,,,0.15,0.14,0.16,0.21,,0.19,0.14,,,,,,0.18,,,0.21,0.19,0.19,0.21,0.19,0.18,,0.15,0.24
19,0.38,0.41,0.34,0.28,,0.42,0.34,,0.57,,0.37,0.4,0.34,0.33,,,0.36,0.28,0.29,0.28,0.55,,0.3,0.24,,0.42,,,,,0.38,,
20,0.28,,0.25,0.24,0.26,0.28,0.28,,0.33,0.33,,,,0.27,0.25,0.27,0.25,0.3,0.31,0.29,0.24,0.24,0.15,0.19,0.18,,0.18,0.17,0.25,0.16,0.2,0.2,0.22
21,0.25,0.26,,0.18,,0.17,0.21,0.22,,0.22,0.19,0.17,0.3,,,,,,,,0.16,0.14,0.16,0.2,,0.21,0.25,0.23,,0.32,,,
22,0.83,1.13,,,0.76,0.77,0.78,0.78,0.8,0.82,0.71,0.64,0.65,,0.64,,,0.53,,,,0.41,,,,0.31,0.33,0.3,,0.27,,,
23,,,0.34,,0.31,0.34,0.32,0.32,,,,,,,,0.28,,0.36,,,0.34,,0.31,0.35,0.37,,,,0.22,,,0.23,0.25
24,0.46,,,,,0.32,,,0.31,,0.31,0.31,0.33,0.33,0.33,,0.35,,0.32,0.23,,,,0.33,,0.35,,,,,0.4,,
25,1.79,2.12,,2.97,2.75,2.89,2.63,3.09,,3.58,,,,0.89,0.68,0.23,0.09,0.1,,0.11,0.27,0.19,0.22,0.21,0.3,,,,0.08,0.13,0.23,0.16,0.22
26,0.41,0.28,0.51,0.58,0.63,0.6,0.66,0.7,0.68,,0.69,,0.7,,,0.7,,0.69,,,,,,,0.48,0.43,1.08,1.2,0.17,,,0.21,0.25
27,,,5.94,,,6.11,,,,6.33,,,,4.18,3.95,,2.14,,0.97,0.45,0.41,0.45,0.56,,,,,,,0.29,0.38,,
28,0.35,,,,,0.05,,,0.04,0.02,0.02,0.02,0.1,0.04,0.04,0.06,0.06,0.1,0.07,0.07,0.07,0.09,0.05,,0.09,0.09,0.07,0.09,0.08,0.06,0.13,0.16,0.2
29,0.04,,,,,0.03,,,0.04,,0.04,0.03,0.03,,,0.03,,0.13,,,,,,,0.11,0.11,,,0.06,,,0.12,0.08
30,0.28,,,,,0.28,,,0.57,0.52,0.32,0.37,0.4,0.3,0.25,0.23,0.15,0.13,0.34,0.36,0.22,0.33,,0.25,0.35,0.37,,,0.34,0.32,,0.16,
31,0.31,,,,,0.31,,,0.24,0.22,0.21,0.23,0.32,0.31,0.27,0.25,0.22,0.21,0.54,0.14,0.12,0.13,0.13,0.12,0.11,0.12,0.12,0.13,0.24,0.26,0.29,0.3,0.31
32,0.12,,,0.14,,0.14,0.12,,,0.05,,,,0.13,0.14,0.37,0.28,0.38,0.31,0.29,0.29,0.28,0.3,,0.12,,0.24,0.22,0.23,0.24,0.22,0.24,0.22
33,0,,,,,0.1,,,0.34,0.1,0.05,0.05,0.05,0.12,0.23,0.2,0.02,,,0.08,0.05,0.05,0.04,0.02,,0.02,,,0.08,0.08,0.07,0.06,0.04
34,0.26,0.25,,,,0.36,,0.12,0.13,0.21,0.09,0.17,0.25,0.2,0.24,0.27,0.28,0.27,0.2,0.21,0.18,0.16,0.1,0.15,0.2,0.22,0.23,0.22,0.26,0.23,0.25,0.27,0.16
35,0.22,,,,0.11,0.15,,0.23,0.25,,,,,,,,,,,,,,,0.13,,,,,,0.19,,,
36,1.44,1.38,1.93,2.18,1.88,2.11,2.4,2.35,,0.77,0.53,0.14,0.17,,0.32,0.1,,0.06,,,0.16,0.17,0.07,,0.12,0.09,0.25,0.53,0.15,,,0.17,
37,0.27,,,,,0.41,,,0.16,,,,,,,,,,,,,,,,,,,,,,,,
38,0.96,,,,,,,,0.97,0.93,0.78,0.45,0.49,0.43,0.43,,0.43,0.41,0.65,0.89,0.53,0.23,0.15,0.43,0.7,0.69,0.88,0.57,,0.68,0.32,,
39,0.05,,,,,0.04,,,0.04,0.06,0.06,0.07,0.04,0.03,,0.04,0.03,0.02,0.03,0.02,0.16,,0.09,0.05,0.03,0.06,0.03,0.04,0.06,0.13,0.04,0.04,0.03
40,1.22,1.01,1.61,3.53,,3.08,3.95,,,2.81,1.1,0.55,1.46,1.19,0.89,2.23,0.64,0.53,0.6,0.31,,0.16,,0.25,0.18,0.24,0.49,0.42,0.17,0.3,0.18,0.25,0.24
41,0.49,,,,,0.25,,,0.21,,0.29,0.23,0.17,,0.07,0.29,,0.09,,,,,,0.19,0.18,0.29,0.32,0.33,0.2,0.36,,0.06,
42,0.68,0.43,0.5,0.36,0.16,0.11,0.58,0.37,,0.46,,,,,,,,,,,0.03,0.27,0.2,0.14,,,,,,0.13,,,
43,0.4,,0.52,0.48,,0.4,0.37,,,0.24,0.22,0.19,0.24,0.18,,0.09,0.16,0.24,0.33,0.31,0.21,0.23,0.16,,0.2,0.14,0.07,0.24,0.16,,0.33,0.16,0.2
44,0.37,0.39,,0.37,0.43,0.4,0.38,0.3,0.49,0.41,0.24,0.25,0.26,0.19,0.19,0.13,0.09,0.09,0.06,0.79,0.16,0.07,0.08,0.09,0.1,0.09,0.09,0.1,0.22,,0.22,0.32,0.28
45,,0.31,,,0.32,0.35,0.34,0.36,0.29,,,,,,0.21,,,,,,,,,0.08,,,0.04,0.05,,0.07,,,
46,0.18,0.15,0.17,,0.19,0.14,0.04,0.2,,0.26,0.26,0.29,0.26,,,0.67,,0.09,,,0.03,0.06,0.18,0.13,0.09,0.07,,,0.32,,,0.11,0.12
47,0.87,,1.77,,0.51,0.38,,0.4,0.59,,0.4,0.54,0.93,,0.92,,,0.79,,,1.18,,0.98,,,0.34,0.59,1.03,,0.25,,,
48,0.1,,,,,0.35,,,,0.32,,,,0.37,,,0.1,,0.1,0.25,0.64,0.1,0.07,0.11,,,,,,0.4,0.14,,
49,1.87,2.4,,2.46,2.77,2.02,0.96,1.3,1.42,0.78,0.72,0.33,0.18,,0.24,1.03,,0.31,,,0.65,0.53,0.92,0.44,0.38,0.2,0.33,0.19,0.3,0.15,,0.31,0.19
50,1.43,1.89,1.6,1.21,1.02,1.24,2.61,0.95,,,,,,0.44,,,0.28,,0.8,2.2,0.47,,0.9,0.54,,,0.54,0.65,,,0.56,,
51,0.59,,0.59,,,0.16,,,0.11,,0.19,0.3,0.26,0.16,0.44,0.97,0.15,0.68,0.29,0.14,,,,0.07,0.07,0.02,,,0.92,,0.95,0.45,0.18
52,0.88,,,,,0.16,,,0.08,0.08,0.16,0.2,0.07,0.07,0.09,0.09,0.21,0.26,,0.07,0.27,0.21,0.11,,0.05,0.06,,,0.12,0.16,0.35,0.12,0.14
53,0.3,,,,,0.26,,,,,0.24,,0.25,,,0.21,,0.21,,,,,,,0.15,0.16,0.16,0.15,0.19,,,0.33,0.39
54,0.35,,,,,0.3,,,0.13,0.1,,,,0.05,0.07,,0.05,,0.09,0.14,0.09,0.06,0.07,,,,,,,1.2,0.38,,
55,1.24,,,,,6.74,,,3.41,1.86,2.54,3.18,3.19,1.01,1.51,1.57,1.2,1.41,1.4,0.12,0.32,0.49,3.85,,0.74,1.3,1.78,1.36,0.08,0.04,0.24,,
56,1.18,,,,,,,,,,,,,,,,,,,,,,,0.27,0.25,0.07,,,0.82,,,0.11,0.15
57,0.09,,,,,,,,0.07,0.01,0.03,0.03,0.01,0.02,0.04,0.03,0.03,0.03,0.09,0.05,0.04,0.08,,0.11,0.06,0.06,,,0.38,0.06,,0.07,
58,0.15,0.43,,,,0.52,,0.23,,0.13,0.15,0.33,0.12,,0.12,0.12,0.25,0.55,0.17,0.23,0.13,0.12,0.14,,0.14,0.32,0.44,1.57,0.74,0.47,0.9,0.61,0.11
59,3.63,,,,2.45,1.47,,1.6,4.03,2.81,,,,2.4,2.9,2.8,1.56,0.46,1.29,1.22,0.55,0.24,2.05,0.74,0.36,,1.87,1.89,1.88,3.01,1.64,2.59,2
60,0.16,0.14,0.25,0.53,0.2,,0.2,0.21,0.22,0.23,0.23,0.23,0.22,0.29,0.35,0.28,0.28,0.3,0.29,0.27,0.28,0.34,0.3,0.29,,0.35,,,0.27,0.23,0.17,0.14,0.13
61,0.54,,,,,0.79,,,0.26,0.35,0.37,0.36,0.38,0.48,0.54,0.4,0.42,0.3,0.29,0.27,0.62,0.19,0.09,0.04,0.15,0.15,0.59,1.11,0.1,0.11,0.57,0.21,0.15
62,0.36,,,,,0.35,,,,,,,,,,,,,,,,,,,,,,,,,,,
63,0.33,,,,,0.45,,,0.37,0.37,0.31,0.31,0.32,,0.34,0.34,,0.19,,,0.1,0.11,0.14,,0.87,0.21,0.18,1.62,0.15,,,0.14,
64,0.11,0.35,0.8,0.65,,0.23,0.08,,0.22,,,,,,,,,,,,,,,0.04,,,,,,0.06,,,
65,0.54,,,,,0.37,,,0.57,0.28,0.29,0.34,0.32,0.14,0.15,,0.14,0.13,0.12,0.12,0.09,0.31,0.15,0.1,0.16,0.17,0.29,0.66,,0.75,0.19,,
66,0.22,0.22,0.25,0.23,0.3,0.64,0.52,0.18,,0.14,0.18,0.14,0.14,0.12,,0.12,0.15,0.22,0.1,0.12,0.09,,0.24,0.1,0.16,0.09,0.24,0.53,0.19,0.19,0.12,0.15,0.19
67,,,0.61,0.51,,0.62,0.45,0.43,0.27,0.24,0.28,0.4,0.43,0.41,0.32,0.29,0.22,0.25,0.19,0.24,,0.12,,0.22,0.25,0.22,1.2,0.72,0.11,0.16,0.29,0.36,0.4
68,0.33,0.31,,0.2,0.19,0.16,0.16,0.17,,,0.29,0.31,0.17,,0.23,0.2,,0.17,,,,,,0.07,0.12,0.13,0.13,0.08,0.17,0.16,,0.17,
69,0.2,,,,0.18,0.14,0.16,0.09,,0.08,,,,,,,,,,,0.12,0.22,0.14,,,,,,,,,,
70,0.57,,,,,0.56,,,0.58,0.61,0.63,0.53,0.51,0.5,0.44,0.37,0.31,0.25,0.24,0.32,0.4,0.46,0.55,0.27,0.27,0.17,0.21,0.13,0.29,,0.33,0.36,0.4
71,0.48,0.38,0.32,0.25,0.46,0.41,0.42,0.56,0.8,0.53,0.7,0.45,0.54,0.3,0.15,0.19,0.16,0.13,0.12,0.51,0.13,0.12,0.16,0.09,0.11,0.07,0.08,0.09,0.2,0.29,0.15,0.17,0.2
72,0.42,0.48,0.46,0.43,0.41,0.41,0.38,0.37,,,,,,,0.23,,,,,,,,,0.27,,,0.23,0.21,,,,,
73,0.35,,,,,0.51,,,0.43,0.29,0.26,0.24,0.25,,,0.25,,0.22,,,0.27,0.28,0.25,,0.3,0.24,,,0.19,0.19,,0.17,0.15
74,0.15,,,,,0.16,,,,,0.17,0.21,0.24,,0.19,,,0.15,,,0.08,,0.09,0.07,,0.16,0.15,0.16,,0.14,,,
75,0.23,,,,,0.32,,,0.32,0.3,,,,0.27,,,0.19,,0.17,0.23,0.23,0.22,0.15,0.14,,,,,,0.27,0.16,,
76,,,,,,2.65,,,,,3.37,3.8,3.37,,2.36,2.19,,0.95,,,0.43,,0.19,0.21,0.19,0.28,,,0.2,,,0.51,0.68
77,,,,,,12.3,,,5.63,,,,,9.13,,,2.18,,4.46,3.29,,,,,,,,,,,2.7,,
78,0.48,,,0.69,,0.35,0.26,,0.34,0.28,0.2,,0.29,0.16,0.14,0.23,0.13,0.11,,0.1,0.21,0.34,0.29,,0.12,0.11,0.12,0.12,0.24,0.31,0.17,0.22,0.17
79,,,,,,1.52,,,,,,,,,0.65,,,,,,,,,,,,,,,,,,
80,0.22,0.23,,,,0.09,,0.08,0.1,0.1,0.04,0.11,0.09,0.08,0.09,0.08,0.13,0.05,0.09,0.13,0.09,0.24,0.05,,0.1,0.08,0.09,0.11,0.08,0.09,0.07,0.08,0.08
81,0.29,,0.31,,0.25,,,0.23,0.22,0.2,0.19,0.23,0.2,0.17,0.1,0.14,0.17,0.25,0.2,0.09,0.13,0.14,0.12,0.14,0.18,0.18,,,0.24,0.26,0.29,0.29,0.34
82,0.3,0.26,,0.18,0.22,0.52,0.23,0.24,0.29,,0.29,0.26,0.15,,0.15,0.11,,0.09,,,,,,0.1,0.08,0.1,,,0.24,0.24,,0.26,
83,0.24,,,,,0.19,,,0.33,0.29,0.26,0.3,0.49,0.51,0.41,0.32,0.42,0.25,0.17,0.28,0.25,0.24,,,0.2,0.58,0.46,0.62,0.17,0.19,,0.19,0.19
84,0.13,,,,,0.21,,,,0.13,,,,0.07,0.08,0.13,0.09,0.06,0.1,0.11,0.1,0.11,0.15,0.17,0.18,,0.21,0.22,0.37,0.32,0.26,0.32,0.32
85,0.17,,0.18,,,0.17,,,0.17,0.18,0.21,0.2,0.27,0.21,0.15,0.19,0.18,0.17,0.15,0.19,0.21,0.28,0.18,0.17,,0.22,,,0.22,0.2,0.28,0.32,0.24
86,0.27,0.34,,0.28,,0.29,0.22,,0.23,0.16,0.16,0.12,0.16,0.11,0.14,0.22,0.11,0.14,0.17,0.08,0.1,0.09,0.1,0.19,0.09,0.05,0.05,0.09,0.25,,0.27,0.3,0.28
87,0.35,,0.21,,,0.18,,,0.18,0.19,,,,0.06,,,0.16,,0.15,0.17,0.13,0.13,0.14,,,,,,,,0.2,,
88,0.45,0.29,0.3,0.35,0.44,0.25,0.44,0.57,,,0.78,0.83,0.63,,0.32,0.32,,0.4,,,,,,,0.21,0.69,0.22,0.17,0.23,0.27,,0.24,
89,,,,0.48,,0.19,0.2,0.21,0.41,0.28,,,,,,,,,,,0.06,0.16,0.14,0.12,,,,,,0.16,,,
90,0.2,0.17,,0.22,0.21,0.21,0.21,0.24,0.18,,0.19,0.24,0.2,,0.1,,,0.13,,,,,,0.13,0.08,0.08,0.24,0.13,,0.08,,,
91,0.04,0.05,0.05,,0.05,,0.06,0.07,0.12,0.1,0.15,0.19,0.16,0.07,,0.16,0.14,0.09,0.13,0.06,0.26,0.27,0.24,0.65,0.39,0.14,0.04,0.06,0.06,0.04,0.05,0.07,0.04
92,0.26,0.26,0.36,,0.19,0.22,0.25,0.23,,0.22,0.14,0.19,0.27,0.26,0.27,0.32,0.22,0.13,0.18,0.22,0.21,,0.28,0.25,0.13,0.17,0.13,0.16,0.11,0.06,0.08,0.09,0.06
93,0.1,,,,0.15,0.12,,0.13,0.15,0.12,0.1,0.1,0.1,0.1,0.1,0.11,0.12,0.13,0.13,0.16,,0.11,,0.09,0.1,0.1,0.08,0.06,0.06,,0.09,0.12,
94,0.06,,,,,0.06,,,,,,,,,,,,,,,,,,,,,,,,,,,
95,0.32,0.5,1.06,0.43,0.15,0.28,0.16,0.17,,0.15,0.21,0.26,0.23,,0.19,0.21,,0.17,,,0.07,0.13,0.06,0.07,0.07,0.07,0.05,0.13,0.09,0.13,,0.14,0.16
96,0.51,0.53,0.13,0.41,0.21,0.22,0.24,0.23,0.57,0.66,0.63,0.53,0.44,0.47,0.31,0.36,0.43,0.46,0.47,0.49,0.6,0.62,0.65,0.58,0.42,0.25,0.37,0.31,0.43,,0.41,0.4,0.49
97,0.41,,,,,0.25,,,0.22,0.17,,,,0.12,0.1,,0.08,,0.1,0.19,0.09,0.05,0.08,0.21,,,0.05,0.08,,0.49,0.46,,
98,0.65,,,,,0.33,,,,,0.38,0.43,0.24,,,0.3,,0.23,,,,,,,0.15,0.14,,,0.1,0.17,,0.28,0.34
99,0.57,,,,,1.02,,,0.73,1.15,1.45,0.78,0.57,,0.28,,,0.37,,,0.68,0.7,0.51,0.26,,0.17,0.15,0.14,,0.2,,,
100,0.1,,,,,0.47,,,,,,,,,,,,,,,0.27,,0.21,0.15,,,,,,,,,
101,0.15,,,,,0.12,,,0.16,,0.17,0.13,0.2,0.18,0.19,0.18,0.16,0.2,,0.18,,,,,0.07,0.08,,,0.08,,0.07,0.06,0.09
102,0.29,,,0.14,,0.15,0.14,,,0.17,0.16,,0.14,,,,,0.11,,,0.14,0.08,0.14,,,0.23,0.24,0.23,,0.04,,,
103,1.13,,,,,,,,0.29,,,,,2.2,1.26,,3.08,,2.06,2.21,,,,,,,,,,,0.58,,
104,0.15,0.14,,,,0.16,,0.13,0.13,0.14,0.15,0.15,0.16,0.16,0.1,0.14,0.13,0.19,0.08,0.12,0.2,0.06,0.04,,0.04,0.03,0.08,0.1,0.05,0.07,0.14,0.06,0.06
105,0.31,,0.3,,0.4,0.39,,0.36,0.36,0.46,0.58,0.79,0.54,,0.39,0.32,,0.54,,,0.18,0.19,0.3,0.23,0.26,0.24,,,0.19,0.18,,0.23,0.3
106,0.15,0.13,,0.15,0.13,0.11,0.11,0.12,0.13,,0.14,0.15,0.14,0.15,0.14,0.12,0.15,0.11,0,0.12,,,,0.11,0.14,0.11,,,0.12,0.13,,0.14,
107,0.1,,,,,0.06,,,,0.08,0.12,0.08,0.09,0.07,0.05,0.07,0.1,0.07,0.04,0.06,0.04,0.03,,,0.03,0.03,0.09,,0.09,0.08,0.09,0.1,0.09
108,0.14,,,,,0.12,,,0.13,0.08,,,,0.12,0.1,0.12,0.12,0.13,0.09,0.08,0.06,0.06,0.05,0.06,0.1,,0.11,0.12,0.2,0.22,0.13,0.16,0.25
109,0.11,,0.16,,,0.21,,,0.18,0.18,0.2,0.17,0.2,0.1,0.12,0.15,0.17,0.16,0.17,0.24,0.09,0.09,0.31,0.4,,0.15,,,0.22,0.19,0.14,0.19,0.18
110,0.02,0.02,,0.02,,0.02,0.02,,0.02,0.02,0.03,0.02,0.03,0.02,0.02,0.02,0.02,0.03,0.02,0.02,0.01,0.02,0.02,0.02,0.04,0.03,0.04,0.03,0.11,0.05,0.05,0.14,0
111,0.24,,0.24,,,0.2,,,,0.16,,,,,,,,,,,0.07,0.06,0.07,,,,,,,,,,
112,,0.12,0.11,0.09,0.12,0.09,0.13,0.1,0.09,,0.08,0.1,0.08,,0.07,0.07,,0.06,,,,,,,0.09,0.09,0.1,0.09,0.11,,,0.13,
113,0.19,,,0.3,,0.45,0.35,0.23,0.18,0.21,,,,,,,,,,,0.22,0.17,0.18,0.17,,,,,,0.16,,,
114,0.16,0.16,,0.14,0.15,0.12,0.12,0.1,0.2,,0.1,0.11,0.08,0.17,0.16,,0.29,0.3,0.23,0.19,,,,0.3,0.29,0.29,0.43,0.7,,0.26,0.23,,
115,0.14,0.08,0.07,,0.11,0.09,0.08,0.08,,0.06,0.11,0.18,0.27,0.16,,0.12,0.14,0.13,0.13,0.11,0.07,0.15,0.07,0.08,0.13,0.12,0.11,0.12,0.15,0.06,0.11,0.07,0.08
116,0.09,0.18,0.15,,0.09,0.08,0.11,0.19,0.15,0.16,0.16,0.14,0.14,0.13,,0.04,0.04,0.02,0.2,0.03,0.02,,0.05,0.01,0.01,1.62,1.97,1.9,0.14,0.19,0.13,0.1,0.11
117,0.15,,0.12,,0.14,0.13,,0.12,,0.14,0.13,0.13,0.16,,0.12,0.11,,0.09,,,,0.11,,0.13,0.13,0.11,0.13,0.13,0.16,0.15,,0.15,
118,0.04,,,,0.07,0.07,,0.09,,,,,,,,,,,,,,,,,,,,,,,,,
119,0.11,0.12,,0.14,,0.15,0.15,,0.14,0.16,0.16,0.13,0.13,0.12,0.12,0.13,0.14,0.12,0.11,0.11,0.11,0.12,0.13,0.14,0.14,0.13,0.14,0.15,0.17,,0.32,0.37,0.35
120,0.1,0.12,0.11,0.12,0.13,0.11,0.09,0.08,0.09,0.1,0.19,0.14,0.16,0.18,0.18,0.17,0.2,0.21,0.2,0.2,0.18,0.19,0.3,0.26,0.33,0.19,0.2,0.17,0.11,0.15,0.15,0.15,0.15
121,0.07,,0.07,,0.09,0.08,,0.07,,0.07,,,,,0.11,,,,,,0.06,0.11,0.13,,,,0.51,0.16,,,,,
122,0.25,,,,,0.19,,,0.24,,0.19,0.17,0.2,,,0.28,,0.23,,,,,,,0.17,0.15,,,0.1,0.09,,0.1,0.11
123,0.14,,,,,0.16,,,,0.16,0.17,0.16,0.15,,0.17,,,0.15,,,0.13,0.12,0.13,0.16,,0.17,0.27,0.33,,0.21,,,
124,0.27,,,,,0.32,,,0.41,,,,,0.75,,,0.2,,0.46,0.93,0.65,,0.46,0.23,,,,,,0.19,0.23,,
125,0.37,,,,,0.1,,,,0.23,0.14,0.17,0.23,,0.28,0.3,,0.23,,,0.11,0.13,0.1,0.07,0.09,0.08,0.1,0.21,0.13,,,0.18,0.17
126,0.58,,,0.43,,,0.36,,0.38,,,,,0.62,,,0.45,,0.37,0.31,0.31,,0.3,0.39,,,,,,,0.31,,
127,0.7,,,,,0.74,,,0.67,,0.66,0.94,0.94,0.62,0.76,0.72,0.62,,0.27,0.29,,,,,0.44,0.58,,,0.29,0.22,0.26,0.18,0.31
128,0.94,1.25,,,,1.22,,,1.28,0.9,1.1,1.53,1.57,1.45,1.35,1.32,1.13,1.29,,1.02,0.37,0.78,1,,0.9,0.9,0.58,0.68,0.41,,0.41,0.44,0.58
129,0.85,,,,,1.04,,0.52,,,0.83,,1.16,,,1.75,,0.43,,,,,,,0.56,0.54,,,0.43,0.39,,0.27,0.21
130,0.36,0.54,0.57,0.31,0.35,0.22,0.21,0.21,0.21,1,,,,0.83,0.18,,0.51,,0.18,1.18,0.3,0.25,0.4,,,,0.22,0.26,,0.23,0.24,,
131,0.31,,,,0.3,0.25,,0.35,0.36,0.36,0.35,0.35,0.3,0.18,0.16,0.28,0.11,0.24,0.28,0.27,0.29,0.21,0.19,0.26,0.29,0.37,,,0.3,,0.18,0.19,0.12
132,0.26,,,,,0.26,,,0.2,,0.07,0.06,0.04,,0.06,0.03,,0.04,,,,,,0.14,0.19,0.49,,,0.25,0.36,,0.42,0.23
133,0.21,,,,,0.24,,,0.23,0.3,0.21,0.22,0.25,0.32,0.32,0.34,0.43,0.46,0.32,0.32,0.34,0.3,,,0.49,0.43,0.41,0.61,0.31,0.31,,0.48,
134,0.37,0.48,0.42,0.35,,0.34,0.34,,,0.31,0.51,0.72,0.52,0.73,0.79,1.16,0.77,0.4,0.43,0.3,0.49,0.2,0.2,0.28,0.31,0.44,0.27,0.21,0.17,0.25,0.24,0.23,0.32
135,0.35,,,,,0.4,,,0.43,0.41,,,,0.31,0.31,0.41,0.47,0.58,0.36,0.14,0.11,0.24,0.33,0.31,0.3,,,,0.11,0.11,0.22,0.22,0.22
136,,0.66,0.94,0.44,,0.26,0.28,,0.38,,,0.41,0.31,0.5,0.2,0.27,0.23,0.17,0.86,0.2,0.35,0.25,0.25,0.18,,0.24,0.2,0.21,0.23,0.15,0.11,0.07,0.09
137,0.15,,,,,,,,,0.24,0.62,0.3,0.28,0.17,,0.26,0.34,0.29,0.28,0.32,0.29,0.31,0.27,,0.14,0.31,,,0.78,0.49,0.14,0.22,0.41
138,0.26,0.07,,0.2,,0.11,0.11,0.06,,,,,,,0.1,,,,,,,,,,,,0.71,0.52,,,,,
139,0.5,0.48,,,0.41,0.44,,0.47,0.48,0.47,0.47,0.47,0.48,,,0.46,,0.43,,,0.66,0.71,0.7,0.64,0.6,0.54,,,0.4,,,0.36,
140,0.41,0.38,0.42,,0.47,0.45,0.42,0.36,0.4,,,,,,0.25,,,,,,,,,0.27,,,0.33,0.44,,0.12,,,
141,0.28,0.26,0.3,,0.2,0.2,0.2,0.24,0.28,0.2,0.22,0.31,0.27,0.29,,,0.22,0.28,0.29,0.24,0.51,0.56,0.43,0.2,0.19,0.19,0.25,0.33,,0.2,0.18,,
142,0.28,,,0.35,0.22,0.23,,0.2,,,,,,,,,,,,,,,,,,,,,,,,,
143,0.05,,,0.04,0.05,,0.04,0.03,,0.03,0.02,0.02,0.02,0.02,0.01,0.01,0.01,0.09,0.06,0.05,0.06,,0.06,0.06,0.09,0.11,0.1,0.1,0.09,0.08,0.13,0.18,0.19
144,0.24,0.23,0.23,,,0.23,,,0.22,0.24,0.24,0.25,0.24,0.25,0.26,0.19,0.21,0.22,0.21,0.21,,0.18,,0.14,0.16,0.17,0.19,0.17,0.29,0.28,0.33,0.25,0.21
145,0.26,0.27,0.27,0.27,0.27,0.27,0.26,0.27,,,0.27,0.27,0.27,,,0.24,,0.24,,,,,,,0.24,0.25,,,0.16,0.16,,0.2,
146,0.19,,,0.32,0.31,0.21,0.25,0.28,,0.18,,,,,0.3,,,,,,0.17,0.17,0.27,0.26,,,0.27,0.24,,,,,
147,0.15,,,,,0.12,,,0.14,0.14,0.16,0.16,0.21,0.19,0.2,0.21,0.17,0.14,0.16,0.21,0.19,0.16,0.15,0.16,0.18,0.2,0.2,0.16,0.24,,0.18,0.18,0.22
148,0.17,,,,,0.24,,,0.14,0.12,0.14,0.18,0.24,0.25,0.26,0.37,0.37,0.39,0.37,0.32,0.29,0.25,0.24,0.24,0.31,0.22,0.26,0.11,0.2,0.3,0.4,0.34,0.35